car_name,brand,model,vehicle_age,km_driven,seller_type,fuel_type,transmission_type,mileage,engine,max_power,seats,seller_description,selling_price
Maruti Alto,Maruti,Alto,9,120000,Individual,Petrol,Manual,19.7,796,46.3,5,Maruti Alto used car experienced vehicle high usage manual transmission petrol engine good mileage comfortable car,120000
Hyundai Grand,Hyundai,Grand,5,20000,Individual,Petrol,Manual,18.9,1197,82.0,5,Hyundai Grand used car good condition low mileage manual transmission petrol engine good mileage comfortable car,550000
Hyundai i20,Hyundai,i20,11,60000,Individual,Petrol,Manual,17.0,1197,80.0,5,Hyundai i20 used car experienced vehicle moderate usage manual transmission petrol engine good mileage comfortable car,215000
Maruti Alto,Maruti,Alto,9,37000,Individual,Petrol,Manual,20.92,998,67.1,5,Maruti Alto used car experienced vehicle moderate usage manual transmission petrol engine fuel efficient comfortable car,226000
Ford Ecosport,Ford,Ecosport,6,30000,Dealer,Diesel,Manual,22.77,1498,98.59,5,Ford Ecosport used car good condition moderate usage manual transmission diesel engine fuel efficient comfortable car,570000
Maruti Wagon R,Maruti,Wagon R,8,35000,Individual,Petrol,Manual,18.9,998,67.1,5,Maruti Wagon R used car experienced vehicle moderate usage manual transmission petrol engine good mileage comfortable car,350000
Hyundai i10,Hyundai,i10,8,40000,Dealer,Petrol,Manual,20.36,1197,78.9,5,Hyundai i10 used car experienced vehicle moderate usage manual transmission petrol engine fuel efficient comfortable car,315000
Maruti Wagon R,Maruti,Wagon R,3,17512,Dealer,Petrol,Manual,20.51,998,67.04,5,Maruti Wagon R used car well maintained low age low mileage manual transmission petrol engine fuel efficient comfortable car,410000
Hyundai Venue,Hyundai,Venue,2,20000,Individual,Petrol,Automatic,18.15,998,118.35,5,Hyundai Venue used car well maintained low age low mileage automatic transmission petrol engine good mileage comfortable car,1050000
Maruti Swift,Maruti,Swift,4,28321,Dealer,Petrol,Manual,16.6,1197,85.0,5,Maruti Swift used car good condition low mileage manual transmission petrol engine good mileage comfortable car,511000
Hyundai Verna,Hyundai,Verna,8,65278,Dealer,Diesel,Manual,22.32,1582,126.32,5,Hyundai Verna used car experienced vehicle moderate usage manual transmission diesel engine fuel efficient comfortable car,425000
Renault Duster,Renault,Duster,5,50000,Individual,Diesel,Manual,19.64,1461,108.45,5,Renault Duster used car good condition moderate usage manual transmission diesel engine good mileage comfortable car,750000
Mini Cooper,Mini,Cooper,4,6000,Dealer,Petrol,Automatic,14.41,1998,189.08,5,Mini Cooper used car good condition low mileage automatic transmission petrol engine comfortable car,3250000
Maruti Ciaz,Maruti,Ciaz,5,76000,Dealer,Diesel,Manual,28.09,1248,88.5,5,Maruti Ciaz used car good condition moderate usage manual transmission diesel engine fuel efficient comfortable car,650000
Maruti Swift,Maruti,Swift,5,20000,Individual,Diesel,Manual,25.2,1248,74.0,5,Maruti Swift used car good condition low mileage manual transmission diesel engine fuel efficient comfortable car,627000
Mercedes-Benz C-Class,Mercedes-Benz,C-Class,7,65000,Dealer,Diesel,Automatic,19.27,2143,170.0,5,Mercedes-Benz C-Class used car experienced vehicle moderate usage automatic transmission diesel engine good mileage comfortable car,1425000
Maruti Swift,Maruti,Swift,7,62200,Dealer,Diesel,Manual,28.4,1248,74.0,5,Maruti Swift used car experienced vehicle moderate usage manual transmission diesel engine fuel efficient comfortable car,425000
Toyota Innova,Toyota,Innova,8,110000,Individual,Diesel,Manual,12.99,2494,100.6,8,Toyota Innova used car experienced vehicle high usage manual transmission diesel engine spacious family car,605000
Maruti Baleno,Maruti,Baleno,6,20000,Individual,Petrol,Manual,21.4,1197,83.1,5,Maruti Baleno used car good condition low mileage manual transmission petrol engine fuel efficient comfortable car,600000
Maruti Swift Dzire,Maruti,Swift Dzire,5,40000,Individual,Petrol,Manual,20.85,1197,83.14,5,Maruti Swift Dzire used car good condition moderate usage manual transmission petrol engine fuel efficient comfortable car,575000
Volkswagen Vento,Volkswagen,Vento,8,47000,Dealer,Petrol,Manual,16.09,1598,103.2,5,Volkswagen Vento used car experienced vehicle moderate usage manual transmission petrol engine good mileage comfortable car,425000
Maruti Alto,Maruti,Alto,8,25000,Dealer,Petrol,Manual,20.92,998,67.1,5,Maruti Alto used car experienced vehicle low mileage manual transmission petrol engine fuel efficient comfortable car,230000
Hyundai Creta,Hyundai,Creta,2,15000,Individual,Diesel,Manual,19.67,1582,126.2,5,Hyundai Creta used car well maintained low age low mileage manual transmission diesel engine good mileage comfortable car,1225000
Honda City,Honda,City,6,50000,Individual,Petrol,Manual,17.4,1497,117.3,5,Honda City used car good condition moderate usage manual transmission petrol engine good mileage comfortable car,750000
Mahindra Bolero,Mahindra,Bolero,10,25000,Individual,Diesel,Manual,13.6,2523,63.0,7,Mahindra Bolero used car experienced vehicle low mileage manual transmission diesel engine spacious family car,350000
Maruti Swift Dzire,Maruti,Swift Dzire,6,90000,Individual,Diesel,Manual,26.59,1248,74.0,5,Maruti Swift Dzire used car good condition high usage manual transmission diesel engine fuel efficient comfortable car,600000
Maruti Swift Dzire,Maruti,Swift Dzire,8,45000,Dealer,Diesel,Manual,26.59,1248,74.0,5,Maruti Swift Dzire used car experienced vehicle moderate usage manual transmission diesel engine fuel efficient comfortable car,390000
Honda City,Honda,City,14,77253,Dealer,Petrol,Manual,17.7,1497,78.0,5,Honda City used car experienced vehicle moderate usage manual transmission petrol engine good mileage comfortable car,145000
Hyundai i20,Hyundai,i20,3,25000,Individual,Petrol,Manual,17.19,1197,81.86,5,Hyundai i20 used car well maintained low age low mileage manual transmission petrol engine good mileage comfortable car,700000
Toyota Fortuner,Toyota,Fortuner,8,110000,Individual,Diesel,Manual,13.0,2982,168.5,7,Toyota Fortuner used car experienced vehicle high usage manual transmission diesel engine spacious family car,1150000
Renault KWID,Renault,KWID,4,30000,Individual,Petrol,Manual,23.01,999,67.0,5,Renault KWID used car good condition moderate usage manual transmission petrol engine fuel efficient comfortable car,340000
Honda Amaze,Honda,Amaze,5,39993,Dealer,Petrol,Manual,18.6,1199,88.76,5,Honda Amaze used car good condition moderate usage manual transmission petrol engine good mileage comfortable car,465000
Hyundai Santro,Hyundai,Santro,12,80000,Individual,Petrol,Manual,17.92,1086,62.1,5,Hyundai Santro used car experienced vehicle high usage manual transmission petrol engine good mileage comfortable car,125000
Mahindra XUV500,Mahindra,XUV500,9,185000,Individual,Diesel,Manual,15.1,2179,140.0,7,Mahindra XUV500 used car experienced vehicle high usage manual transmission diesel engine good mileage spacious family car,600000
Maruti Swift Dzire,Maruti,Swift Dzire,8,90000,Individual,Diesel,Manual,23.4,1248,74.0,5,Maruti Swift Dzire used car experienced vehicle high usage manual transmission diesel engine fuel efficient comfortable car,380000
Hyundai i20,Hyundai,i20,3,15000,Individual,Diesel,Manual,22.54,1396,88.73,5,Hyundai i20 used car well maintained low age low mileage manual transmission diesel engine fuel efficient comfortable car,850000
Hyundai i20,Hyundai,i20,3,40000,Individual,Petrol,Manual,18.6,1197,81.83,5,Hyundai i20 used car well maintained low age moderate usage manual transmission petrol engine good mileage comfortable car,598000
Honda City,Honda,City,6,31180,Dealer,Petrol,Automatic,18.0,1497,117.3,5,Honda City used car good condition moderate usage automatic transmission petrol engine good mileage comfortable car,700000
Maruti Swift Dzire,Maruti,Swift Dzire,7,56000,Dealer,Diesel,Manual,23.4,1248,74.0,5,Maruti Swift Dzire used car experienced vehicle moderate usage manual transmission diesel engine fuel efficient comfortable car,410000
Maruti Baleno,Maruti,Baleno,5,52427,Dealer,Petrol,Automatic,21.4,1197,83.1,5,Maruti Baleno used car good condition moderate usage automatic transmission petrol engine fuel efficient comfortable car,590000
Mahindra Bolero,Mahindra,Bolero,1,40000,Individual,Diesel,Manual,21.0,1498,74.96,7,Mahindra Bolero used car well maintained low age moderate usage manual transmission diesel engine fuel efficient spacious family car,850000
Mahindra KUV100,Mahindra,KUV100,3,17000,Individual,Petrol,Manual,18.15,1198,82.0,5,Mahindra KUV100 used car well maintained low age low mileage manual transmission petrol engine good mileage comfortable car,550000
Maruti Baleno,Maruti,Baleno,5,22000,Dealer,Petrol,Manual,15.4,1590,94.0,5,Maruti Baleno used car good condition low mileage manual transmission petrol engine good mileage comfortable car,625000
Maruti Swift Dzire,Maruti,Swift Dzire,5,54000,Individual,Petrol,Manual,20.85,1197,83.14,5,Maruti Swift Dzire used car good condition moderate usage manual transmission petrol engine fuel efficient comfortable car,600000
Maruti Wagon R,Maruti,Wagon R,2,10000,Individual,Petrol,Manual,20.51,998,67.04,5,Maruti Wagon R used car well maintained low age low mileage manual transmission petrol engine fuel efficient comfortable car,445000
Maruti Ignis,Maruti,Ignis,2,20000,Individual,Petrol,Manual,20.89,1197,81.8,5,Maruti Ignis used car well maintained low age low mileage manual transmission petrol engine fuel efficient comfortable car,530000
Maruti Wagon R,Maruti,Wagon R,3,53237,Trustmark Dealer,CNG,Manual,26.6,998,58.16,5,Maruti Wagon R used car well maintained low age moderate usage manual transmission cng engine fuel efficient comfortable car,410000
Datsun RediGO,Datsun,RediGO,3,27263,Individual,Petrol,Manual,22.5,999,68.0,5,Datsun RediGO used car well maintained low age low mileage manual transmission petrol engine fuel efficient comfortable car,350000
Hyundai Verna,Hyundai,Verna,7,110000,Individual,Diesel,Manual,22.32,1582,126.3,5,Hyundai Verna used car experienced vehicle high usage manual transmission diesel engine fuel efficient comfortable car,520000
Hyundai i20,Hyundai,i20,5,70000,Individual,Diesel,Manual,22.54,1396,88.73,5,Hyundai i20 used car good condition moderate usage manual transmission diesel engine fuel efficient comfortable car,750000
Maruti Swift Dzire,Maruti,Swift Dzire,4,70000,Individual,Diesel,Manual,26.59,1248,74.0,5,Maruti Swift Dzire used car good condition moderate usage manual transmission diesel engine fuel efficient comfortable car,560000
Hyundai i20,Hyundai,i20,2,39000,Dealer,Petrol,Manual,18.6,1197,81.83,5,Hyundai i20 used car well maintained low age moderate usage manual transmission petrol engine good mileage comfortable car,655000
Hyundai Santro,Hyundai,Santro,14,56000,Dealer,Petrol,Manual,17.8,1086,63.0,5,Hyundai Santro used car experienced vehicle moderate usage manual transmission petrol engine good mileage comfortable car,125000
Hyundai i20,Hyundai,i20,3,34000,Individual,Petrol,Manual,18.6,1197,81.83,5,Hyundai i20 used car well maintained low age moderate usage manual transmission petrol engine good mileage comfortable car,550000
Mahindra Scorpio,Mahindra,Scorpio,4,50000,Individual,Diesel,Manual,15.4,1997,120.0,7,Mahindra Scorpio used car good condition moderate usage manual transmission diesel engine good mileage spacious family car,1150000
Volkswagen Vento,Volkswagen,Vento,9,77400,Individual,Diesel,Manual,20.54,1598,103.6,5,Volkswagen Vento used car experienced vehicle moderate usage manual transmission diesel engine fuel efficient comfortable car,500000
Mahindra Marazzo,Mahindra,Marazzo,2,36000,Individual,Diesel,Manual,17.3,1497,121.0,7,Mahindra Marazzo used car well maintained low age moderate usage manual transmission diesel engine good mileage spacious family car,990000
Hyundai Verna,Hyundai,Verna,8,47876,Dealer,Diesel,Manual,25.0,1493,113.42,5,Hyundai Verna used car experienced vehicle moderate usage manual transmission diesel engine fuel efficient comfortable car,551000
Mahindra XUV500,Mahindra,XUV500,3,21500,Individual,Diesel,Automatic,15.1,2179,152.87,7,Mahindra XUV500 used car well maintained low age low mileage automatic transmission diesel engine good mileage spacious family car,1650000
Hyundai Grand,Hyundai,Grand,6,75000,Dealer,Diesel,Manual,24.0,1120,70.0,5,Hyundai Grand used car good condition moderate usage manual transmission diesel engine fuel efficient comfortable car,350000
Ford Aspire,Ford,Aspire,4,58000,Dealer,Petrol,Manual,18.16,1196,86.8,5,Ford Aspire used car good condition moderate usage manual transmission petrol engine good mileage comfortable car,500000
Maruti Swift Dzire,Maruti,Swift Dzire,3,30000,Individual,Petrol,Manual,21.21,1197,81.8,5,Maruti Swift Dzire used car well maintained low age moderate usage manual transmission petrol engine fuel efficient comfortable car,575000
Hyundai Grand,Hyundai,Grand,3,50000,Individual,Diesel,Manual,24.0,1186,73.97,5,Hyundai Grand used car well maintained low age moderate usage manual transmission diesel engine fuel efficient comfortable car,545000
Ford Figo,Ford,Figo,4,19093,Trustmark Dealer,Petrol,Manual,18.16,1196,86.8,5,Ford Figo used car good condition low mileage manual transmission petrol engine good mileage comfortable car,525000
Honda Amaze,Honda,Amaze,7,50000,Individual,Petrol,Manual,18.0,1198,86.7,5,Honda Amaze used car experienced vehicle moderate usage manual transmission petrol engine good mileage comfortable car,400000
Maruti Wagon R,Maruti,Wagon R,15,37000,Dealer,Petrol,Manual,14.0,1061,64.0,5,Maruti Wagon R used car experienced vehicle moderate usage manual transmission petrol engine comfortable car,155000
Maruti Swift Dzire,Maruti,Swift Dzire,5,47000,Dealer,Diesel,Manual,26.59,1248,74.0,5,Maruti Swift Dzire used car good condition moderate usage manual transmission diesel engine fuel efficient comfortable car,545000
Honda City,Honda,City,8,70000,Individual,Petrol,Manual,16.8,1497,116.3,5,Honda City used car experienced vehicle moderate usage manual transmission petrol engine good mileage comfortable car,545000
Renault KWID,Renault,KWID,5,25000,Individual,Petrol,Manual,25.17,799,53.3,5,Renault KWID used car good condition low mileage manual transmission petrol engine fuel efficient comfortable car,240000
Maruti Vitara,Maruti,Vitara,3,26000,Dealer,Diesel,Manual,24.3,1248,88.5,5,Maruti Vitara used car well maintained low age low mileage manual transmission diesel engine fuel efficient comfortable car,725000
Ford Aspire,Ford,Aspire,4,30000,Individual,Petrol,Manual,18.16,1196,86.8,5,Ford Aspire used car good condition moderate usage manual transmission petrol engine good mileage comfortable car,480000
Hyundai i20,Hyundai,i20,8,15000,Individual,Petrol,Manual,18.5,1197,82.9,5,Hyundai i20 used car experienced vehicle low mileage manual transmission petrol engine good mileage comfortable car,375000
Maruti Swift,Maruti,Swift,10,160000,Individual,Diesel,Manual,17.8,1248,75.0,5,Maruti Swift used car experienced vehicle high usage manual transmission diesel engine good mileage comfortable car,225000
Tata Tiago,Tata,Tiago,4,32100,Individual,Petrol,Manual,23.84,1199,84.0,5,Tata Tiago used car good condition moderate usage manual transmission petrol engine fuel efficient comfortable car,400000
Hyundai i20,Hyundai,i20,5,22000,Dealer,Petrol,Manual,18.5,1197,82.9,5,Hyundai i20 used car good condition low mileage manual transmission petrol engine good mileage comfortable car,550000
Mahindra Scorpio,Mahindra,Scorpio,5,44000,Dealer,Diesel,Manual,15.4,2179,120.0,7,Mahindra Scorpio used car good condition moderate usage manual transmission diesel engine good mileage spacious family car,1050000
Volkswagen Polo,Volkswagen,Polo,5,78000,Dealer,Petrol,Manual,18.78,1198,74.0,5,Volkswagen Polo used car good condition moderate usage manual transmission petrol engine good mileage comfortable car,450000
Mercedes-Benz C-Class,Mercedes-Benz,C-Class,9,74352,Dealer,Petrol,Automatic,11.74,1796,186.0,5,Mercedes-Benz C-Class used car experienced vehicle moderate usage automatic transmission petrol engine comfortable car,775000
Maruti Wagon R,Maruti,Wagon R,7,37000,Individual,Petrol,Manual,20.51,998,67.04,5,Maruti Wagon R used car experienced vehicle moderate usage manual transmission petrol engine fuel efficient comfortable car,350000
Honda City,Honda,City,7,69000,Dealer,Diesel,Manual,25.1,1498,98.6,5,Honda City used car experienced vehicle moderate usage manual transmission diesel engine fuel efficient comfortable car,550000
Kia Seltos,Kia,Seltos,2,12120,Individual,Petrol,Manual,16.8,1497,113.4,5,Kia Seltos used car well maintained low age low mileage manual transmission petrol engine good mileage comfortable car,1080000
Maruti Baleno,Maruti,Baleno,5,52000,Dealer,Petrol,Manual,21.01,1197,81.8,5,Maruti Baleno used car good condition moderate usage manual transmission petrol engine fuel efficient comfortable car,575000
Toyota Innova,Toyota,Innova,5,120000,Individual,Diesel,Manual,12.99,2494,100.6,8,Toyota Innova used car good condition high usage manual transmission diesel engine spacious family car,950000
Maruti Alto,Maruti,Alto,8,55000,Individual,Petrol,Manual,22.74,796,47.3,5,Maruti Alto used car experienced vehicle moderate usage manual transmission petrol engine fuel efficient comfortable car,230000
Hyundai i20,Hyundai,i20,10,160000,Individual,Diesel,Manual,21.9,1396,90.0,5,Hyundai i20 used car experienced vehicle high usage manual transmission diesel engine fuel efficient comfortable car,270000
Ford Figo,Ford,Figo,10,40000,Individual,Petrol,Manual,15.6,1196,70.0,5,Ford Figo used car experienced vehicle moderate usage manual transmission petrol engine good mileage comfortable car,130000
Maruti Swift Dzire,Maruti,Swift Dzire,9,46000,Dealer,Petrol,Manual,19.1,1197,85.8,5,Maruti Swift Dzire used car experienced vehicle moderate usage manual transmission petrol engine good mileage comfortable car,370000
Maruti Baleno,Maruti,Baleno,4,25000,Dealer,Petrol,Manual,21.4,1197,83.1,5,Maruti Baleno used car good condition low mileage manual transmission petrol engine fuel efficient comfortable car,570000
Volkswagen Polo,Volkswagen,Polo,8,90000,Dealer,Diesel,Manual,22.07,1199,73.9,5,Volkswagen Polo used car experienced vehicle high usage manual transmission diesel engine fuel efficient comfortable car,365000
Hyundai i20,Hyundai,i20,9,49566,Dealer,Petrol,Manual,18.5,1197,82.85,5,Hyundai i20 used car experienced vehicle moderate usage manual transmission petrol engine good mileage comfortable car,280000
Hyundai Verna,Hyundai,Verna,3,14000,Dealer,Diesel,Automatic,22.0,1582,126.2,5,Hyundai Verna used car well maintained low age low mileage automatic transmission diesel engine fuel efficient comfortable car,1250000
Hyundai i20,Hyundai,i20,5,11000,Dealer,Petrol,Manual,18.6,1197,81.83,5,Hyundai i20 used car good condition low mileage manual transmission petrol engine good mileage comfortable car,590000
Maruti Celerio,Maruti,Celerio,3,5000,Individual,Petrol,Automatic,23.1,998,67.04,5,Maruti Celerio used car well maintained low age low mileage automatic transmission petrol engine fuel efficient comfortable car,475000
Ford Ecosport,Ford,Ecosport,4,55000,Dealer,Diesel,Manual,23.0,1498,98.96,5,Ford Ecosport used car good condition moderate usage manual transmission diesel engine fuel efficient comfortable car,685000
Hyundai Verna,Hyundai,Verna,9,65000,Dealer,Diesel,Automatic,19.08,1582,126.32,5,Hyundai Verna used car experienced vehicle moderate usage automatic transmission diesel engine good mileage comfortable car,380000
Renault KWID,Renault,KWID,3,22000,Individual,Petrol,Manual,23.01,999,67.0,5,Renault KWID used car well maintained low age low mileage manual transmission petrol engine fuel efficient comfortable car,330000
Maruti Baleno,Maruti,Baleno,3,7671,Trustmark Dealer,Petrol,Manual,21.01,1197,81.8,5,Maruti Baleno used car well maintained low age low mileage manual transmission petrol engine fuel efficient comfortable car,650000
Maruti Wagon R,Maruti,Wagon R,5,66000,Individual,Petrol,Manual,20.51,998,67.04,5,Maruti Wagon R used car good condition moderate usage manual transmission petrol engine fuel efficient comfortable car,325000
Maruti Swift Dzire,Maruti,Swift Dzire,3,45156,Dealer,Petrol,Automatic,21.21,1197,81.8,5,Maruti Swift Dzire used car well maintained low age moderate usage automatic transmission petrol engine fuel efficient comfortable car,640000
Hyundai Venue,Hyundai,Venue,2,25000,Individual,Petrol,Manual,18.27,998,118.35,5,Hyundai Venue used car well maintained low age low mileage manual transmission petrol engine good mileage comfortable car,949000
Hyundai Verna,Hyundai,Verna,6,120000,Individual,Diesel,Manual,23.9,1582,126.2,5,Hyundai Verna used car good condition high usage manual transmission diesel engine fuel efficient comfortable car,660000
Maruti Swift,Maruti,Swift,7,28000,Dealer,Petrol,Manual,16.1,1197,85.0,5,Maruti Swift used car experienced vehicle low mileage manual transmission petrol engine good mileage comfortable car,435000
Hyundai i20,Hyundai,i20,8,55000,Dealer,Diesel,Manual,21.9,1396,88.76,5,Hyundai i20 used car experienced vehicle moderate usage manual transmission diesel engine fuel efficient comfortable car,385000
Hyundai Verna,Hyundai,Verna,2,14000,Dealer,Diesel,Automatic,22.0,1582,126.2,5,Hyundai Verna used car well maintained low age low mileage automatic transmission diesel engine fuel efficient comfortable car,1250000
Maruti Wagon R,Maruti,Wagon R,12,98780,Dealer,Petrol,Manual,18.9,998,67.1,5,Maruti Wagon R used car experienced vehicle high usage manual transmission petrol engine good mileage comfortable car,155000
Maruti Swift,Maruti,Swift,6,58000,Dealer,Diesel,Manual,25.2,1248,74.0,5,Maruti Swift used car good condition moderate usage manual transmission diesel engine fuel efficient comfortable car,415000
Maruti Alto,Maruti,Alto,10,30000,Individual,Petrol,Manual,20.92,998,67.1,5,Maruti Alto used car experienced vehicle moderate usage manual transmission petrol engine fuel efficient comfortable car,251000
Mahindra Scorpio,Mahindra,Scorpio,5,46400,Dealer,Diesel,Manual,15.4,2179,120.0,7,Mahindra Scorpio used car good condition moderate usage manual transmission diesel engine good mileage spacious family car,1150000
Hyundai i10,Hyundai,i10,7,32111,Trustmark Dealer,Petrol,Manual,19.81,1086,68.05,5,Hyundai i10 used car experienced vehicle moderate usage manual transmission petrol engine good mileage comfortable car,310000
Datsun GO,Datsun,GO,6,35000,Individual,Petrol,Manual,19.44,1198,67.0,7,Datsun GO used car good condition moderate usage manual transmission petrol engine good mileage spacious family car,350000
Mahindra Scorpio,Mahindra,Scorpio,4,30000,Dealer,Diesel,Manual,15.4,1997,120.0,7,Mahindra Scorpio used car good condition moderate usage manual transmission diesel engine good mileage spacious family car,1125000
BMW 5,BMW,5,5,63000,Dealer,Diesel,Automatic,18.59,2993,261.49,5,BMW 5 used car good condition moderate usage automatic transmission diesel engine good mileage comfortable car,2600000
Datsun GO,Datsun,GO,3,10000,Individual,Petrol,Manual,20.62,1198,67.0,7,Datsun GO used car well maintained low age low mileage manual transmission petrol engine fuel efficient spacious family car,480000
Maruti Swift Dzire,Maruti,Swift Dzire,4,25000,Individual,Diesel,Automatic,28.4,1248,74.02,5,Maruti Swift Dzire used car good condition low mileage automatic transmission diesel engine fuel efficient comfortable car,850000
Hyundai Creta,Hyundai,Creta,4,102000,Dealer,Diesel,Automatic,17.01,1582,126.2,5,Hyundai Creta used car good condition high usage automatic transmission diesel engine good mileage comfortable car,1100000
Maruti Swift,Maruti,Swift,3,35000,Dealer,Petrol,Manual,22.0,1197,81.8,5,Maruti Swift used car well maintained low age moderate usage manual transmission petrol engine fuel efficient comfortable car,575000
Maruti Swift Dzire,Maruti,Swift Dzire,9,49948,Dealer,Petrol,Manual,17.5,1298,85.8,5,Maruti Swift Dzire used car experienced vehicle moderate usage manual transmission petrol engine good mileage comfortable car,340000
Ford Ecosport,Ford,Ecosport,3,55000,Individual,Diesel,Manual,23.0,1498,98.96,5,Ford Ecosport used car well maintained low age moderate usage manual transmission diesel engine fuel efficient comfortable car,925000
Hyundai Grand,Hyundai,Grand,6,36000,Dealer,Petrol,Manual,18.9,1197,82.0,5,Hyundai Grand used car good condition moderate usage manual transmission petrol engine good mileage comfortable car,400000
Honda City,Honda,City,5,49625,Dealer,Petrol,Manual,17.8,1497,117.3,5,Honda City used car good condition moderate usage manual transmission petrol engine good mileage comfortable car,725000
Maruti Swift Dzire,Maruti,Swift Dzire,7,35000,Individual,Diesel,Manual,23.4,1248,74.0,5,Maruti Swift Dzire used car experienced vehicle moderate usage manual transmission diesel engine fuel efficient comfortable car,600000
Mahindra Scorpio,Mahindra,Scorpio,8,95000,Individual,Diesel,Manual,12.05,2179,120.0,8,Mahindra Scorpio used car experienced vehicle high usage manual transmission diesel engine spacious family car,550000
Ford Aspire,Ford,Aspire,4,36000,Dealer,Diesel,Manual,25.83,1498,99.0,5,Ford Aspire used car good condition moderate usage manual transmission diesel engine fuel efficient comfortable car,585000
Maruti Wagon R,Maruti,Wagon R,2,50000,Individual,Petrol,Manual,21.79,998,67.05,5,Maruti Wagon R used car well maintained low age moderate usage manual transmission petrol engine fuel efficient comfortable car,411000
Maruti Swift Dzire,Maruti,Swift Dzire,6,26500,Individual,Petrol,Manual,20.85,1197,83.14,5,Maruti Swift Dzire used car good condition low mileage manual transmission petrol engine fuel efficient comfortable car,450000
Honda CR-V,Honda,CR-V,6,80000,Dealer,Petrol,Automatic,13.7,1997,153.86,5,Honda CR-V used car good condition high usage automatic transmission petrol engine comfortable car,1290000
Volkswagen Polo,Volkswagen,Polo,6,46000,Dealer,Petrol,Manual,16.47,1198,74.0,5,Volkswagen Polo used car good condition moderate usage manual transmission petrol engine good mileage comfortable car,455000
Hyundai Grand,Hyundai,Grand,2,9000,Individual,Petrol,Manual,20.7,1197,81.86,5,Hyundai Grand used car well maintained low age low mileage manual transmission petrol engine fuel efficient comfortable car,710000
Honda City,Honda,City,5,53000,Dealer,Petrol,Manual,16.8,1497,116.3,5,Honda City used car good condition moderate usage manual transmission petrol engine good mileage comfortable car,770000
Ford Endeavour,Ford,Endeavour,3,11387,Individual,Diesel,Automatic,10.91,3198,197.0,7,Ford Endeavour used car well maintained low age low mileage automatic transmission diesel engine spacious family car,2900000
Honda Amaze,Honda,Amaze,3,50000,Individual,Diesel,Manual,25.8,1498,98.6,5,Honda Amaze used car well maintained low age moderate usage manual transmission diesel engine fuel efficient comfortable car,720000
Mahindra KUV,Mahindra,KUV,5,52000,Dealer,Diesel,Manual,25.32,1198,77.0,5,Mahindra KUV used car good condition moderate usage manual transmission diesel engine fuel efficient comfortable car,375000
Datsun GO,Datsun,GO,6,35000,Individual,Petrol,Manual,19.44,1198,67.0,7,Datsun GO used car good condition moderate usage manual transmission petrol engine good mileage spacious family car,400000
Renault Duster,Renault,Duster,6,48000,Individual,Diesel,Manual,19.87,1461,83.8,5,Renault Duster used car good condition moderate usage manual transmission diesel engine good mileage comfortable car,600000
Honda Jazz,Honda,Jazz,3,18000,Individual,Petrol,Manual,18.7,1199,88.7,5,Honda Jazz used car well maintained low age low mileage manual transmission petrol engine good mileage comfortable car,600000
Maruti Wagon R,Maruti,Wagon R,9,57413,Individual,LPG,Manual,14.4,998,61.7,5,Maruti Wagon R used car experienced vehicle moderate usage manual transmission lpg engine comfortable car,270000
Hyundai i20,Hyundai,i20,6,30000,Individual,Petrol,Manual,18.6,1197,81.83,5,Hyundai i20 used car good condition moderate usage manual transmission petrol engine good mileage comfortable car,500000
Hyundai Verna,Hyundai,Verna,6,55000,Dealer,Diesel,Manual,23.9,1582,126.2,5,Hyundai Verna used car good condition moderate usage manual transmission diesel engine fuel efficient comfortable car,650000
Maruti Swift,Maruti,Swift,3,10000,Individual,Petrol,Automatic,21.21,1197,81.8,5,Maruti Swift used car well maintained low age low mileage automatic transmission petrol engine fuel efficient comfortable car,660000
BMW 3,BMW,3,5,68000,Dealer,Diesel,Automatic,22.69,1995,190.0,5,BMW 3 used car good condition moderate usage automatic transmission diesel engine fuel efficient comfortable car,2090000
Kia Seltos,Kia,Seltos,1,8000,Dealer,Petrol,Manual,16.8,1497,113.4,5,Kia Seltos used car well maintained low age low mileage manual transmission petrol engine good mileage comfortable car,1275000
Maruti Swift,Maruti,Swift,6,65000,Dealer,Diesel,Manual,28.4,1248,74.0,5,Maruti Swift used car good condition moderate usage manual transmission diesel engine fuel efficient comfortable car,495000
Hyundai Grand,Hyundai,Grand,5,25000,Individual,Petrol,Manual,18.9,1197,82.0,5,Hyundai Grand used car good condition low mileage manual transmission petrol engine good mileage comfortable car,475000
Maruti Ciaz,Maruti,Ciaz,6,70000,Individual,Petrol,Manual,20.73,1373,91.1,5,Maruti Ciaz used car good condition moderate usage manual transmission petrol engine fuel efficient comfortable car,530000
Tata Tiago,Tata,Tiago,5,9500,Individual,Petrol,Manual,23.84,1199,84.0,5,Tata Tiago used car good condition low mileage manual transmission petrol engine fuel efficient comfortable car,530000
Hyundai Verna,Hyundai,Verna,6,9100,Individual,Petrol,Manual,17.01,1591,121.3,5,Hyundai Verna used car good condition low mileage manual transmission petrol engine good mileage comfortable car,650000
Honda City,Honda,City,11,86000,Dealer,Petrol,Manual,17.0,1497,118.0,5,Honda City used car experienced vehicle high usage manual transmission petrol engine good mileage comfortable car,335000
Audi A4,Audi,A4,8,78000,Dealer,Diesel,Automatic,16.55,1968,147.51,5,Audi A4 used car experienced vehicle moderate usage automatic transmission diesel engine good mileage comfortable car,1290000
Ford Figo,Ford,Figo,10,60000,Individual,Diesel,Manual,20.0,1399,68.0,5,Ford Figo used car experienced vehicle moderate usage manual transmission diesel engine fuel efficient comfortable car,300000
Maruti Wagon R,Maruti,Wagon R,2,7883,Trustmark Dealer,Petrol,Automatic,21.5,1197,81.8,5,Maruti Wagon R used car well maintained low age low mileage automatic transmission petrol engine fuel efficient comfortable car,550000
Maruti Swift Dzire,Maruti,Swift Dzire,8,50205,Trustmark Dealer,Diesel,Manual,23.4,1248,74.0,5,Maruti Swift Dzire used car experienced vehicle moderate usage manual transmission diesel engine fuel efficient comfortable car,390000
Mahindra Bolero,Mahindra,Bolero,13,220000,Individual,Diesel,Manual,13.6,2523,63.0,7,Mahindra Bolero used car experienced vehicle high usage manual transmission diesel engine spacious family car,260000
Tata Tigor,Tata,Tigor,4,58000,Dealer,Diesel,Manual,24.7,1047,69.0,5,Tata Tigor used car good condition moderate usage manual transmission diesel engine fuel efficient comfortable car,395000
Mahindra Scorpio,Mahindra,Scorpio,9,170000,Individual,Diesel,Manual,12.05,2179,120.0,8,Mahindra Scorpio used car experienced vehicle high usage manual transmission diesel engine spacious family car,550000
Maruti Swift Dzire,Maruti,Swift Dzire,3,15000,Individual,Petrol,Manual,22.0,1197,81.8,5,Maruti Swift Dzire used car well maintained low age low mileage manual transmission petrol engine fuel efficient comfortable car,650000
Maruti Swift,Maruti,Swift,5,71245,Dealer,Diesel,Manual,28.4,1248,74.0,5,Maruti Swift used car good condition moderate usage manual transmission diesel engine fuel efficient comfortable car,375000
Kia Seltos,Kia,Seltos,2,7000,Individual,Petrol,Manual,16.1,1353,138.0,5,Kia Seltos used car well maintained low age low mileage manual transmission petrol engine good mileage comfortable car,1300000
Maruti Alto,Maruti,Alto,3,20000,Individual,Petrol,Manual,23.95,998,67.05,5,Maruti Alto used car well maintained low age low mileage manual transmission petrol engine fuel efficient comfortable car,360000
Maruti Celerio,Maruti,Celerio,1,8700,Individual,Petrol,Manual,21.63,998,67.04,5,Maruti Celerio used car well maintained low age low mileage manual transmission petrol engine fuel efficient comfortable car,505000
Maruti Alto,Maruti,Alto,2,25000,Individual,Petrol,Manual,24.7,796,47.3,5,Maruti Alto used car well maintained low age low mileage manual transmission petrol engine fuel efficient comfortable car,310000
Hyundai i20,Hyundai,i20,6,42000,Dealer,Petrol,Manual,18.6,1197,81.86,5,Hyundai i20 used car good condition moderate usage manual transmission petrol engine good mileage comfortable car,545000
Mahindra Bolero,Mahindra,Bolero,15,120000,Individual,Diesel,Manual,13.6,2523,63.0,7,Mahindra Bolero used car experienced vehicle high usage manual transmission diesel engine spacious family car,150000
Maruti Baleno,Maruti,Baleno,3,50000,Individual,Petrol,Manual,21.4,1197,83.1,5,Maruti Baleno used car well maintained low age moderate usage manual transmission petrol engine fuel efficient comfortable car,580000
Maruti Wagon R,Maruti,Wagon R,10,58000,Individual,Petrol,Manual,18.9,998,67.1,5,Maruti Wagon R used car experienced vehicle moderate usage manual transmission petrol engine good mileage comfortable car,250000
Hyundai Verna,Hyundai,Verna,4,36000,Individual,Petrol,Manual,17.43,1396,105.5,5,Hyundai Verna used car good condition moderate usage manual transmission petrol engine good mileage comfortable car,650000
Maruti Ertiga,Maruti,Ertiga,3,30000,Individual,Diesel,Manual,25.47,1248,88.5,7,Maruti Ertiga used car well maintained low age moderate usage manual transmission diesel engine fuel efficient spacious family car,410000
Ford Ecosport,Ford,Ecosport,6,162828,Dealer,Diesel,Manual,22.77,1498,98.59,5,Ford Ecosport used car good condition high usage manual transmission diesel engine fuel efficient comfortable car,531000
Ford Ecosport,Ford,Ecosport,3,7500,Individual,Diesel,Manual,23.0,1498,98.96,5,Ford Ecosport used car well maintained low age low mileage manual transmission diesel engine fuel efficient comfortable car,890000
Tata Safari,Tata,Safari,5,47227,Dealer,Diesel,Manual,14.0,2179,138.1,7,Tata Safari used car good condition moderate usage manual transmission diesel engine spacious family car,775000
Maruti Wagon R,Maruti,Wagon R,3,52000,Dealer,CNG,Manual,33.54,998,67.04,5,Maruti Wagon R used car well maintained low age moderate usage manual transmission cng engine fuel efficient comfortable car,435000
Ford Figo,Ford,Figo,9,74000,Dealer,Diesel,Manual,20.0,1399,68.05,5,Ford Figo used car experienced vehicle moderate usage manual transmission diesel engine fuel efficient comfortable car,185000
Mahindra Bolero,Mahindra,Bolero,10,47000,Dealer,Diesel,Manual,15.96,2523,62.1,7,Mahindra Bolero used car experienced vehicle moderate usage manual transmission diesel engine good mileage spacious family car,440000
Hyundai i20,Hyundai,i20,6,50000,Individual,Petrol,Manual,18.6,1197,81.83,5,Hyundai i20 used car good condition moderate usage manual transmission petrol engine good mileage comfortable car,450000
Maruti Baleno,Maruti,Baleno,4,100000,Individual,Petrol,Manual,21.4,1197,83.1,5,Maruti Baleno used car good condition high usage manual transmission petrol engine fuel efficient comfortable car,600000
Maruti Celerio,Maruti,Celerio,7,35000,Individual,Petrol,Manual,23.1,998,67.04,5,Maruti Celerio used car experienced vehicle moderate usage manual transmission petrol engine fuel efficient comfortable car,320000
Hyundai i20,Hyundai,i20,5,50000,Individual,Diesel,Manual,21.19,1396,88.73,5,Hyundai i20 used car good condition moderate usage manual transmission diesel engine fuel efficient comfortable car,700000
Ford Aspire,Ford,Aspire,3,10000,Individual,Petrol,Manual,18.16,1196,86.8,5,Ford Aspire used car well maintained low age low mileage manual transmission petrol engine good mileage comfortable car,630000
Maruti Alto,Maruti,Alto,5,10370,Individual,Petrol,Manual,22.74,796,47.3,5,Maruti Alto used car good condition low mileage manual transmission petrol engine fuel efficient comfortable car,320000
Honda City,Honda,City,8,62000,Dealer,Petrol,Manual,16.8,1497,116.3,5,Honda City used car experienced vehicle moderate usage manual transmission petrol engine good mileage comfortable car,465000
Hyundai i20,Hyundai,i20,5,40000,Individual,Petrol,Manual,18.6,1197,81.83,5,Hyundai i20 used car good condition moderate usage manual transmission petrol engine good mileage comfortable car,550000
Maruti Swift,Maruti,Swift,4,60000,Individual,Petrol,Manual,22.0,1197,81.8,5,Maruti Swift used car good condition moderate usage manual transmission petrol engine fuel efficient comfortable car,445000
Tata Safari,Tata,Safari,8,67231,Dealer,Diesel,Manual,14.0,2179,138.1,7,Tata Safari used car experienced vehicle moderate usage manual transmission diesel engine spacious family car,705000
Maruti Wagon R,Maruti,Wagon R,8,64000,Dealer,CNG,Manual,33.54,998,67.04,5,Maruti Wagon R used car experienced vehicle moderate usage manual transmission cng engine fuel efficient comfortable car,270000
Honda City,Honda,City,7,63000,Dealer,Diesel,Manual,26.0,1498,98.6,5,Honda City used car experienced vehicle moderate usage manual transmission diesel engine fuel efficient comfortable car,475000
Toyota Fortuner,Toyota,Fortuner,6,80000,Individual,Diesel,Manual,12.55,2982,168.5,7,Toyota Fortuner used car good condition high usage manual transmission diesel engine spacious family car,1755000
Honda City,Honda,City,10,55000,Dealer,Petrol,Manual,16.9,1497,100.0,5,Honda City used car experienced vehicle moderate usage manual transmission petrol engine good mileage comfortable car,350000
Hyundai i20,Hyundai,i20,5,11000,Dealer,Petrol,Manual,18.6,1197,81.83,5,Hyundai i20 used car good condition low mileage manual transmission petrol engine good mileage comfortable car,575000
Renault KWID,Renault,KWID,4,17000,Individual,Petrol,Manual,23.01,999,67.0,5,Renault KWID used car good condition low mileage manual transmission petrol engine fuel efficient comfortable car,360000
Maruti Alto,Maruti,Alto,4,25000,Individual,Petrol,Manual,24.7,796,47.3,5,Maruti Alto used car good condition low mileage manual transmission petrol engine fuel efficient comfortable car,275000
Datsun GO,Datsun,GO,5,33350,Individual,Petrol,Manual,19.44,1198,67.0,7,Datsun GO used car good condition moderate usage manual transmission petrol engine good mileage spacious family car,320000
Hyundai Grand,Hyundai,Grand,6,62000,Dealer,Petrol,Manual,18.9,1197,82.0,5,Hyundai Grand used car good condition moderate usage manual transmission petrol engine good mileage comfortable car,370000
Maruti Swift Dzire,Maruti,Swift Dzire,12,59000,Individual,Petrol,Manual,17.5,1298,85.8,5,Maruti Swift Dzire used car experienced vehicle moderate usage manual transmission petrol engine good mileage comfortable car,275000
Honda City,Honda,City,7,86113,Dealer,Petrol,Manual,17.4,1497,117.3,5,Honda City used car experienced vehicle high usage manual transmission petrol engine good mileage comfortable car,550000
Maruti Swift Dzire,Maruti,Swift Dzire,3,10000,Individual,Diesel,Manual,28.4,1248,74.02,5,Maruti Swift Dzire used car well maintained low age low mileage manual transmission diesel engine fuel efficient comfortable car,750000
Maruti Wagon R,Maruti,Wagon R,6,92537,Individual,Petrol,Manual,20.51,998,67.04,5,Maruti Wagon R used car good condition high usage manual transmission petrol engine fuel efficient comfortable car,272000
Maruti Ciaz,Maruti,Ciaz,2,27645,Dealer,Diesel,Manual,28.09,1248,88.5,5,Maruti Ciaz used car well maintained low age low mileage manual transmission diesel engine fuel efficient comfortable car,951000
Maruti Alto,Maruti,Alto,8,46242,Individual,Petrol,Manual,20.92,998,67.1,5,Maruti Alto used car experienced vehicle moderate usage manual transmission petrol engine fuel efficient comfortable car,280000
Renault KWID,Renault,KWID,1,6000,Individual,Petrol,Manual,22.3,799,53.26,5,Renault KWID used car well maintained low age low mileage manual transmission petrol engine fuel efficient comfortable car,450000
Hyundai i20,Hyundai,i20,4,64000,Dealer,Petrol,Manual,18.6,1197,81.83,5,Hyundai i20 used car good condition moderate usage manual transmission petrol engine good mileage comfortable car,480000
Mahindra Scorpio,Mahindra,Scorpio,4,93000,Dealer,Diesel,Manual,15.4,1997,120.0,7,Mahindra Scorpio used car good condition high usage manual transmission diesel engine good mileage spacious family car,1060000
Maruti Alto,Maruti,Alto,8,26200,Dealer,Petrol,Manual,22.74,796,47.3,5,Maruti Alto used car experienced vehicle low mileage manual transmission petrol engine fuel efficient comfortable car,235000
Maruti Baleno,Maruti,Baleno,4,25000,Individual,Petrol,Manual,21.4,1197,83.1,5,Maruti Baleno used car good condition low mileage manual transmission petrol engine fuel efficient comfortable car,590000
Toyota Fortuner,Toyota,Fortuner,3,50000,Dealer,Diesel,Automatic,12.9,2755,174.5,7,Toyota Fortuner used car well maintained low age moderate usage automatic transmission diesel engine spacious family car,2950000
Hyundai Santro,Hyundai,Santro,13,80000,Individual,Petrol,Manual,17.92,1086,62.1,5,Hyundai Santro used car experienced vehicle high usage manual transmission petrol engine good mileage comfortable car,110000
Mahindra Scorpio,Mahindra,Scorpio,14,110000,Individual,Diesel,Manual,13.5,2179,115.0,5,Mahindra Scorpio used car experienced vehicle high usage manual transmission diesel engine comfortable car,280000
Audi A4,Audi,A4,5,55000,Dealer,Petrol,Automatic,17.84,1395,147.51,5,Audi A4 used car good condition moderate usage automatic transmission petrol engine good mileage comfortable car,1851000
Honda City,Honda,City,3,25000,Individual,Petrol,Manual,17.4,1497,117.3,5,Honda City used car well maintained low age low mileage manual transmission petrol engine good mileage comfortable car,750000
Hyundai Grand,Hyundai,Grand,6,36000,Dealer,Petrol,Manual,18.9,1197,81.86,5,Hyundai Grand used car good condition moderate usage manual transmission petrol engine good mileage comfortable car,400000
Maruti Swift Dzire,Maruti,Swift Dzire,6,40000,Individual,Diesel,Manual,26.59,1248,74.0,5,Maruti Swift Dzire used car good condition moderate usage manual transmission diesel engine fuel efficient comfortable car,530000
Mahindra Thar,Mahindra,Thar,3,25000,Individual,Diesel,Manual,16.55,2498,105.0,6,Mahindra Thar used car well maintained low age low mileage manual transmission diesel engine good mileage comfortable car,870000
Renault KWID,Renault,KWID,3,30038,Dealer,Petrol,Manual,25.17,799,53.3,5,Renault KWID used car well maintained low age moderate usage manual transmission petrol engine fuel efficient comfortable car,295000
Tata Tiago,Tata,Tiago,4,53000,Individual,Diesel,Manual,27.28,1047,69.0,5,Tata Tiago used car good condition moderate usage manual transmission diesel engine fuel efficient comfortable car,370000
Maruti Swift,Maruti,Swift,3,5000,Individual,Petrol,Manual,21.21,1197,81.8,5,Maruti Swift used car well maintained low age low mileage manual transmission petrol engine fuel efficient comfortable car,530000
Renault KWID,Renault,KWID,4,35000,Individual,Petrol,Automatic,24.04,999,67.0,5,Renault KWID used car good condition moderate usage automatic transmission petrol engine fuel efficient comfortable car,350000
Ford Ecosport,Ford,Ecosport,8,62000,Dealer,Diesel,Manual,22.7,1498,89.84,5,Ford Ecosport used car experienced vehicle moderate usage manual transmission diesel engine fuel efficient comfortable car,470000
Ford Aspire,Ford,Aspire,6,42000,Individual,Diesel,Manual,25.83,1498,99.0,5,Ford Aspire used car good condition moderate usage manual transmission diesel engine fuel efficient comfortable car,390000
Mahindra Scorpio,Mahindra,Scorpio,6,80000,Individual,Diesel,Manual,15.4,2179,120.0,7,Mahindra Scorpio used car good condition high usage manual transmission diesel engine good mileage spacious family car,920000
Mahindra XUV500,Mahindra,XUV500,8,60000,Individual,Diesel,Manual,15.1,2179,140.0,7,Mahindra XUV500 used car experienced vehicle moderate usage manual transmission diesel engine good mileage spacious family car,550000
Hyundai Verna,Hyundai,Verna,7,45000,Individual,Diesel,Manual,22.32,1582,126.32,5,Hyundai Verna used car experienced vehicle moderate usage manual transmission diesel engine fuel efficient comfortable car,635000
Mahindra XUV500,Mahindra,XUV500,4,50000,Dealer,Diesel,Automatic,16.0,2179,140.0,7,Mahindra XUV500 used car good condition moderate usage automatic transmission diesel engine good mileage spacious family car,1250000
Maruti Alto,Maruti,Alto,3,12000,Individual,Petrol,Manual,24.7,796,47.3,5,Maruti Alto used car well maintained low age low mileage manual transmission petrol engine fuel efficient comfortable car,300000
Honda City,Honda,City,3,12000,Individual,Petrol,Automatic,18.0,1497,117.6,5,Honda City used car well maintained low age low mileage automatic transmission petrol engine good mileage comfortable car,960000
Maruti Vitara,Maruti,Vitara,3,15000,Individual,Diesel,Manual,24.3,1248,88.5,5,Maruti Vitara used car well maintained low age low mileage manual transmission diesel engine fuel efficient comfortable car,750000
Volkswagen Polo,Volkswagen,Polo,10,63000,Dealer,Petrol,Manual,16.47,1198,73.9,5,Volkswagen Polo used car experienced vehicle moderate usage manual transmission petrol engine good mileage comfortable car,249000
Tata Hexa,Tata,Hexa,3,30000,Individual,Diesel,Manual,17.6,2179,153.86,7,Tata Hexa used car well maintained low age moderate usage manual transmission diesel engine good mileage spacious family car,1400000
Ford Figo,Ford,Figo,10,160800,Individual,Diesel,Manual,20.0,1399,68.0,5,Ford Figo used car experienced vehicle high usage manual transmission diesel engine fuel efficient comfortable car,250000
Hyundai Verna,Hyundai,Verna,7,120000,Individual,Diesel,Manual,22.32,1582,126.32,5,Hyundai Verna used car experienced vehicle high usage manual transmission diesel engine fuel efficient comfortable car,610000
Ford Ecosport,Ford,Ecosport,5,78247,Dealer,Diesel,Manual,21.7,1498,98.96,5,Ford Ecosport used car good condition moderate usage manual transmission diesel engine fuel efficient comfortable car,545000
Hyundai Verna,Hyundai,Verna,8,113000,Individual,Diesel,Manual,22.32,1582,126.3,5,Hyundai Verna used car experienced vehicle high usage manual transmission diesel engine fuel efficient comfortable car,480000
Hyundai i20,Hyundai,i20,7,52000,Dealer,Petrol,Manual,18.6,1197,81.83,5,Hyundai i20 used car experienced vehicle moderate usage manual transmission petrol engine good mileage comfortable car,395000
Toyota Innova,Toyota,Innova,9,109000,Dealer,Diesel,Manual,12.99,2494,100.6,7,Toyota Innova used car experienced vehicle high usage manual transmission diesel engine spacious family car,495000
Hyundai Grand,Hyundai,Grand,4,90000,Individual,Petrol,Manual,18.9,1197,82.0,5,Hyundai Grand used car good condition high usage manual transmission petrol engine good mileage comfortable car,470000
Volkswagen Polo,Volkswagen,Polo,10,98000,Dealer,Diesel,Manual,22.07,1199,73.9,5,Volkswagen Polo used car experienced vehicle high usage manual transmission diesel engine fuel efficient comfortable car,200000
Hyundai i20,Hyundai,i20,5,20000,Individual,Diesel,Manual,21.19,1396,88.73,5,Hyundai i20 used car good condition low mileage manual transmission diesel engine fuel efficient comfortable car,699000
Maruti Wagon R,Maruti,Wagon R,7,21717,Individual,Petrol,Manual,20.51,998,67.04,5,Maruti Wagon R used car experienced vehicle low mileage manual transmission petrol engine fuel efficient comfortable car,340000
Renault Duster,Renault,Duster,7,40000,Individual,Diesel,Manual,20.45,1461,83.8,5,Renault Duster used car experienced vehicle moderate usage manual transmission diesel engine fuel efficient comfortable car,500000
Honda City,Honda,City,4,50000,Individual,Petrol,Manual,17.14,1497,117.6,5,Honda City used car good condition moderate usage manual transmission petrol engine good mileage comfortable car,1050000
Renault Duster,Renault,Duster,5,90000,Individual,Diesel,Manual,19.6,1461,108.45,5,Renault Duster used car good condition high usage manual transmission diesel engine good mileage comfortable car,600000
Maruti Swift,Maruti,Swift,4,27876,Dealer,Petrol,Manual,20.4,1197,81.8,5,Maruti Swift used car good condition low mileage manual transmission petrol engine fuel efficient comfortable car,491000
Land Rover Rover,Land Rover,Rover,5,56000,Dealer,Petrol,Automatic,12.63,1999,177.0,5,Land Rover Rover used car good condition moderate usage automatic transmission petrol engine comfortable car,2890000
Hyundai i10,Hyundai,i10,13,57215,Individual,Petrol,Manual,20.36,1197,78.9,5,Hyundai i10 used car experienced vehicle moderate usage manual transmission petrol engine fuel efficient comfortable car,160000
Hyundai Venue,Hyundai,Venue,2,5400,Dealer,Petrol,Manual,18.27,998,118.35,5,Hyundai Venue used car well maintained low age low mileage manual transmission petrol engine good mileage comfortable car,985000
Maruti Swift Dzire,Maruti,Swift Dzire,7,60000,Individual,Diesel,Manual,23.4,1248,74.0,5,Maruti Swift Dzire used car experienced vehicle moderate usage manual transmission diesel engine fuel efficient comfortable car,500000
Tata Tiago,Tata,Tiago,4,24800,Individual,Petrol,Manual,23.84,1199,84.0,5,Tata Tiago used car good condition low mileage manual transmission petrol engine fuel efficient comfortable car,335000
Maruti Alto,Maruti,Alto,16,70000,Individual,Petrol,Manual,19.7,796,46.3,5,Maruti Alto used car experienced vehicle moderate usage manual transmission petrol engine good mileage comfortable car,85000
Honda Jazz,Honda,Jazz,3,20000,Dealer,Petrol,Automatic,17.1,1199,88.51,5,Honda Jazz used car well maintained low age low mileage automatic transmission petrol engine good mileage comfortable car,740000
Maruti Swift,Maruti,Swift,8,34553,Dealer,Petrol,Manual,22.0,1197,81.8,5,Maruti Swift used car experienced vehicle moderate usage manual transmission petrol engine fuel efficient comfortable car,375000
Maruti Vitara,Maruti,Vitara,3,40000,Individual,Diesel,Manual,24.3,1248,88.5,5,Maruti Vitara used car well maintained low age moderate usage manual transmission diesel engine fuel efficient comfortable car,810000
Volkswagen Polo,Volkswagen,Polo,11,350000,Individual,Petrol,Manual,16.47,1198,73.9,5,Volkswagen Polo used car experienced vehicle high usage manual transmission petrol engine good mileage comfortable car,173000
Maruti Vitara,Maruti,Vitara,4,50000,Individual,Diesel,Manual,24.3,1248,88.5,5,Maruti Vitara used car good condition moderate usage manual transmission diesel engine fuel efficient comfortable car,700000
Mahindra KUV,Mahindra,KUV,5,70000,Individual,Diesel,Manual,25.32,1198,77.0,6,Mahindra KUV used car good condition moderate usage manual transmission diesel engine fuel efficient comfortable car,310000
Mahindra Scorpio,Mahindra,Scorpio,4,120000,Individual,Diesel,Manual,15.4,1997,120.0,7,Mahindra Scorpio used car good condition high usage manual transmission diesel engine good mileage spacious family car,850000
Hyundai i20,Hyundai,i20,8,90000,Individual,Diesel,Manual,22.54,1396,88.76,5,Hyundai i20 used car experienced vehicle high usage manual transmission diesel engine fuel efficient comfortable car,285000
Maruti Swift Dzire,Maruti,Swift Dzire,7,120000,Individual,Diesel,Manual,23.4,1248,74.0,5,Maruti Swift Dzire used car experienced vehicle high usage manual transmission diesel engine fuel efficient comfortable car,450000
Hyundai Creta,Hyundai,Creta,4,80000,Individual,Diesel,Manual,19.67,1582,126.2,5,Hyundai Creta used car good condition high usage manual transmission diesel engine good mileage comfortable car,1100000
Mahindra Scorpio,Mahindra,Scorpio,4,30000,Individual,Diesel,Manual,15.4,1997,120.0,7,Mahindra Scorpio used car good condition moderate usage manual transmission diesel engine good mileage spacious family car,1080000
Honda City,Honda,City,7,66100,Dealer,Diesel,Manual,26.0,1498,98.6,5,Honda City used car experienced vehicle moderate usage manual transmission diesel engine fuel efficient comfortable car,530000
Maruti Swift Dzire,Maruti,Swift Dzire,4,50000,Individual,Diesel,Manual,28.4,1248,74.02,5,Maruti Swift Dzire used car good condition moderate usage manual transmission diesel engine fuel efficient comfortable car,680000
Mahindra Scorpio,Mahindra,Scorpio,4,42000,Dealer,Diesel,Manual,15.4,1997,120.0,7,Mahindra Scorpio used car good condition moderate usage manual transmission diesel engine good mileage spacious family car,1025000
Hyundai i20,Hyundai,i20,4,55000,Individual,Petrol,Manual,18.6,1197,81.83,5,Hyundai i20 used car good condition moderate usage manual transmission petrol engine good mileage comfortable car,650000
Hyundai i10,Hyundai,i10,9,110699,Dealer,Petrol,Manual,20.36,1197,78.9,5,Hyundai i10 used car experienced vehicle high usage manual transmission petrol engine fuel efficient comfortable car,194000
Maruti Baleno,Maruti,Baleno,2,5000,Individual,Petrol,Automatic,21.4,1197,83.1,5,Maruti Baleno used car well maintained low age low mileage automatic transmission petrol engine fuel efficient comfortable car,686000
Maruti Alto,Maruti,Alto,5,50000,Individual,Petrol,Manual,22.74,796,47.3,5,Maruti Alto used car good condition moderate usage manual transmission petrol engine fuel efficient comfortable car,200000
Maruti Swift Dzire,Maruti,Swift Dzire,11,44000,Dealer,Petrol,Manual,19.1,1197,85.8,5,Maruti Swift Dzire used car experienced vehicle moderate usage manual transmission petrol engine good mileage comfortable car,250000
Maruti Vitara,Maruti,Vitara,3,90000,Individual,Diesel,Manual,24.3,1248,88.5,5,Maruti Vitara used car well maintained low age high usage manual transmission diesel engine fuel efficient comfortable car,730000
Hyundai Verna,Hyundai,Verna,5,55000,Dealer,Petrol,Manual,17.01,1591,121.3,5,Hyundai Verna used car good condition moderate usage manual transmission petrol engine good mileage comfortable car,650000
Maruti Vitara,Maruti,Vitara,4,45000,Dealer,Diesel,Manual,24.3,1248,88.5,5,Maruti Vitara used car good condition moderate usage manual transmission diesel engine fuel efficient comfortable car,790000
Maruti Baleno,Maruti,Baleno,4,30000,Individual,Petrol,Manual,21.4,1197,83.1,5,Maruti Baleno used car good condition moderate usage manual transmission petrol engine fuel efficient comfortable car,620000
Hyundai Verna,Hyundai,Verna,8,50000,Individual,Petrol,Manual,17.01,1591,121.3,5,Hyundai Verna used car experienced vehicle moderate usage manual transmission petrol engine good mileage comfortable car,510000
Maruti Eeco,Maruti,Eeco,8,20000,Individual,Petrol,Manual,15.37,1196,73.0,5,Maruti Eeco used car experienced vehicle low mileage manual transmission petrol engine good mileage comfortable car,375000
Maruti Swift Dzire,Maruti,Swift Dzire,4,19843,Trustmark Dealer,Petrol,Automatic,21.21,1197,81.8,5,Maruti Swift Dzire used car good condition low mileage automatic transmission petrol engine fuel efficient comfortable car,620000
Ford Endeavour,Ford,Endeavour,10,30000,Individual,Diesel,Automatic,11.4,2953,153.86,7,Ford Endeavour used car experienced vehicle moderate usage automatic transmission diesel engine spacious family car,950000
Toyota Innova,Toyota,Innova,4,52300,Dealer,Diesel,Manual,13.68,2393,147.51,7,Toyota Innova used car good condition moderate usage manual transmission diesel engine spacious family car,1450000
Honda City,Honda,City,5,40000,Individual,Petrol,Automatic,18.0,1497,117.3,5,Honda City used car good condition moderate usage automatic transmission petrol engine good mileage comfortable car,845000
Maruti Swift Dzire,Maruti,Swift Dzire,7,61500,Dealer,Diesel,Manual,23.4,1248,74.0,5,Maruti Swift Dzire used car experienced vehicle moderate usage manual transmission diesel engine fuel efficient comfortable car,390000
Honda Amaze,Honda,Amaze,6,59000,Dealer,Petrol,Manual,18.0,1198,86.7,5,Honda Amaze used car good condition moderate usage manual transmission petrol engine good mileage comfortable car,395000
Hyundai Grand,Hyundai,Grand,3,40000,Individual,Petrol,Manual,18.9,1197,81.86,5,Hyundai Grand used car well maintained low age moderate usage manual transmission petrol engine good mileage comfortable car,450000
Audi A6,Audi,A6,8,60000,Individual,Diesel,Automatic,17.68,1968,174.33,5,Audi A6 used car experienced vehicle moderate usage automatic transmission diesel engine good mileage comfortable car,1700000
Hyundai Grand,Hyundai,Grand,8,61000,Dealer,Petrol,Manual,18.9,1197,82.0,5,Hyundai Grand used car experienced vehicle moderate usage manual transmission petrol engine good mileage comfortable car,325000
Mahindra KUV,Mahindra,KUV,5,70000,Individual,Diesel,Manual,25.32,1198,77.0,6,Mahindra KUV used car good condition moderate usage manual transmission diesel engine fuel efficient comfortable car,350000
Mahindra XUV500,Mahindra,XUV500,8,63000,Dealer,Diesel,Manual,15.1,2179,140.0,7,Mahindra XUV500 used car experienced vehicle moderate usage manual transmission diesel engine good mileage spacious family car,650000
Mercedes-Benz E-Class,Mercedes-Benz,E-Class,9,58000,Dealer,Petrol,Manual,12.3,1796,185.0,5,Mercedes-Benz E-Class used car experienced vehicle moderate usage manual transmission petrol engine comfortable car,1250000
Maruti Swift Dzire,Maruti,Swift Dzire,4,22000,Individual,Diesel,Manual,28.4,1248,74.02,5,Maruti Swift Dzire used car good condition low mileage manual transmission diesel engine fuel efficient comfortable car,750000
Honda City,Honda,City,11,57977,Dealer,Petrol,Manual,17.0,1497,118.0,5,Honda City used car experienced vehicle moderate usage manual transmission petrol engine good mileage comfortable car,299000
Land Rover Rover,Land Rover,Rover,3,13000,Dealer,Petrol,Automatic,12.19,1997,237.36,4,Land Rover Rover used car well maintained low age low mileage automatic transmission petrol engine comfortable car,7000000
Mini Cooper,Mini,Cooper,9,67000,Dealer,Petrol,Automatic,17.33,1998,189.08,4,Mini Cooper used car experienced vehicle moderate usage automatic transmission petrol engine good mileage comfortable car,1325000
Maruti Ertiga,Maruti,Ertiga,7,48242,Dealer,Diesel,Manual,20.77,1248,88.76,7,Maruti Ertiga used car experienced vehicle moderate usage manual transmission diesel engine fuel efficient spacious family car,524000
Ford Figo,Ford,Figo,9,68000,Dealer,Diesel,Manual,20.0,1399,68.05,5,Ford Figo used car experienced vehicle moderate usage manual transmission diesel engine fuel efficient comfortable car,169000
Maruti Ertiga,Maruti,Ertiga,7,40000,Individual,Diesel,Manual,20.77,1248,88.8,7,Maruti Ertiga used car experienced vehicle moderate usage manual transmission diesel engine fuel efficient spacious family car,500000
Audi Q7,Audi,Q7,9,98000,Dealer,Diesel,Automatic,12.07,2967,241.4,7,Audi Q7 used car experienced vehicle high usage automatic transmission diesel engine spacious family car,2000000
Maruti Swift Dzire,Maruti,Swift Dzire,8,113450,Individual,Diesel,Manual,23.4,1248,74.0,5,Maruti Swift Dzire used car experienced vehicle high usage manual transmission diesel engine fuel efficient comfortable car,380000
Maruti Wagon R,Maruti,Wagon R,3,80000,Individual,Petrol,Automatic,20.51,998,67.0,5,Maruti Wagon R used car well maintained low age high usage automatic transmission petrol engine fuel efficient comfortable car,400000
Hyundai Santro,Hyundai,Santro,1,1000,Dealer,Petrol,Automatic,20.3,1086,68.0,5,Hyundai Santro used car well maintained low age low mileage automatic transmission petrol engine fuel efficient comfortable car,565000
Maruti Wagon R,Maruti,Wagon R,6,20292,Dealer,Petrol,Manual,20.51,998,67.04,5,Maruti Wagon R used car good condition low mileage manual transmission petrol engine fuel efficient comfortable car,335000
Mahindra Scorpio,Mahindra,Scorpio,11,67900,Dealer,Diesel,Manual,12.05,2179,120.0,7,Mahindra Scorpio used car experienced vehicle moderate usage manual transmission diesel engine spacious family car,300000
Mahindra Scorpio,Mahindra,Scorpio,6,40000,Dealer,Diesel,Manual,15.4,1997,120.0,7,Mahindra Scorpio used car good condition moderate usage manual transmission diesel engine good mileage spacious family car,1051000
Hyundai Grand,Hyundai,Grand,4,60000,Individual,Diesel,Manual,24.0,1186,73.97,5,Hyundai Grand used car good condition moderate usage manual transmission diesel engine fuel efficient comfortable car,510000
Renault KWID,Renault,KWID,3,25000,Individual,Petrol,Automatic,24.04,999,67.0,5,Renault KWID used car well maintained low age low mileage automatic transmission petrol engine fuel efficient comfortable car,370000
Maruti Wagon R,Maruti,Wagon R,15,70000,Individual,Petrol,Manual,18.9,998,67.1,5,Maruti Wagon R used car experienced vehicle moderate usage manual transmission petrol engine good mileage comfortable car,200000
Maruti Baleno,Maruti,Baleno,3,21000,Individual,Diesel,Manual,27.39,1248,74.0,5,Maruti Baleno used car well maintained low age low mileage manual transmission diesel engine fuel efficient comfortable car,625000
Mahindra Scorpio,Mahindra,Scorpio,3,39000,Dealer,Diesel,Manual,16.36,2179,140.0,7,Mahindra Scorpio used car well maintained low age moderate usage manual transmission diesel engine good mileage spacious family car,1290000
Hyundai Creta,Hyundai,Creta,4,30000,Dealer,Petrol,Manual,15.8,1591,121.3,5,Hyundai Creta used car good condition moderate usage manual transmission petrol engine good mileage comfortable car,890000
Hyundai Verna,Hyundai,Verna,9,61000,Dealer,Diesel,Manual,22.32,1582,126.3,5,Hyundai Verna used car experienced vehicle moderate usage manual transmission diesel engine fuel efficient comfortable car,420000
Maruti Swift,Maruti,Swift,4,5743,Trustmark Dealer,Petrol,Manual,20.4,1197,83.11,5,Maruti Swift used car good condition low mileage manual transmission petrol engine fuel efficient comfortable car,500000
Hyundai Grand,Hyundai,Grand,3,24200,Individual,Petrol,Manual,18.9,1197,81.86,5,Hyundai Grand used car well maintained low age low mileage manual transmission petrol engine good mileage comfortable car,600000
Maruti Baleno,Maruti,Baleno,4,57000,Individual,Diesel,Manual,27.39,1248,74.0,5,Maruti Baleno used car good condition moderate usage manual transmission diesel engine fuel efficient comfortable car,590000
Hyundai i10,Hyundai,i10,10,58000,Dealer,Petrol,Manual,20.36,1197,78.9,5,Hyundai i10 used car experienced vehicle moderate usage manual transmission petrol engine fuel efficient comfortable car,190000
Datsun GO,Datsun,GO,4,15000,Individual,Petrol,Manual,19.44,1198,67.0,7,Datsun GO used car good condition low mileage manual transmission petrol engine good mileage spacious family car,500000
Maruti Celerio,Maruti,Celerio,4,10000,Individual,Petrol,Manual,23.1,998,67.04,5,Maruti Celerio used car good condition low mileage manual transmission petrol engine fuel efficient comfortable car,450000
Mahindra XUV500,Mahindra,XUV500,6,100000,Individual,Diesel,Manual,15.1,2179,140.0,7,Mahindra XUV500 used car good condition high usage manual transmission diesel engine good mileage spacious family car,650000
BMW Z4,BMW,Z4,1,2000,Dealer,Petrol,Automatic,11.29,2998,335.0,2,BMW Z4 used car well maintained low age low mileage automatic transmission petrol engine comfortable car,8250000
Maruti Wagon R,Maruti,Wagon R,1,10000,Individual,Petrol,Manual,20.52,1197,81.8,5,Maruti Wagon R used car well maintained low age low mileage manual transmission petrol engine fuel efficient comfortable car,500000
Maruti Alto,Maruti,Alto,12,43000,Individual,Petrol,Manual,19.7,796,46.3,5,Maruti Alto used car experienced vehicle moderate usage manual transmission petrol engine good mileage comfortable car,140000
Honda Amaze,Honda,Amaze,8,64000,Dealer,CNG,Manual,18.0,1198,86.7,5,Honda Amaze used car experienced vehicle moderate usage manual transmission cng engine good mileage comfortable car,349000
Maruti Wagon R,Maruti,Wagon R,7,30000,Individual,Petrol,Manual,20.51,998,67.06,5,Maruti Wagon R used car experienced vehicle moderate usage manual transmission petrol engine fuel efficient comfortable car,325000
Honda City,Honda,City,7,63000,Dealer,Petrol,Manual,17.8,1497,117.3,5,Honda City used car experienced vehicle moderate usage manual transmission petrol engine good mileage comfortable car,435000
Maruti Celerio,Maruti,Celerio,3,28000,Dealer,CNG,Manual,31.79,998,58.33,5,Maruti Celerio used car well maintained low age low mileage manual transmission cng engine fuel efficient comfortable car,455000
Land Rover Rover,Land Rover,Rover,3,25000,Individual,Petrol,Automatic,9.17,2995,335.25,7,Land Rover Rover used car well maintained low age low mileage automatic transmission petrol engine spacious family car,6200000
Honda City,Honda,City,4,32226,Dealer,Petrol,Manual,17.8,1497,117.3,5,Honda City used car good condition moderate usage manual transmission petrol engine good mileage comfortable car,755000
Maruti Alto,Maruti,Alto,7,65000,Individual,Petrol,Manual,23.95,998,67.05,5,Maruti Alto used car experienced vehicle moderate usage manual transmission petrol engine fuel efficient comfortable car,245000
Kia Seltos,Kia,Seltos,2,14000,Dealer,Diesel,Manual,20.8,1493,113.4,5,Kia Seltos used car well maintained low age low mileage manual transmission diesel engine fuel efficient comfortable car,1350000
Renault KWID,Renault,KWID,3,15000,Individual,Petrol,Automatic,24.04,999,67.0,5,Renault KWID used car well maintained low age low mileage automatic transmission petrol engine fuel efficient comfortable car,310000
BMW 6,BMW,6,3,30000,Individual,Petrol,Automatic,14.28,1998,254.7,4,BMW 6 used car well maintained low age moderate usage automatic transmission petrol engine comfortable car,5500000
Maruti Swift Dzire,Maruti,Swift Dzire,3,32000,Dealer,Diesel,Manual,19.3,1248,73.9,5,Maruti Swift Dzire used car well maintained low age moderate usage manual transmission diesel engine good mileage comfortable car,675000
Maruti Wagon R,Maruti,Wagon R,2,30000,Individual,Petrol,Manual,20.52,1197,81.8,5,Maruti Wagon R used car well maintained low age moderate usage manual transmission petrol engine fuel efficient comfortable car,500000
Hyundai i10,Hyundai,i10,11,25000,Individual,Petrol,Manual,20.36,1197,78.9,5,Hyundai i10 used car experienced vehicle low mileage manual transmission petrol engine fuel efficient comfortable car,300000
Mahindra Scorpio,Mahindra,Scorpio,5,35000,Individual,Diesel,Automatic,15.4,2179,120.0,7,Mahindra Scorpio used car good condition moderate usage automatic transmission diesel engine good mileage spacious family car,1450000
Mahindra Scorpio,Mahindra,Scorpio,8,140000,Individual,Diesel,Manual,12.05,2179,120.0,8,Mahindra Scorpio used car experienced vehicle high usage manual transmission diesel engine spacious family car,530000
Ford Ecosport,Ford,Ecosport,7,65597,Trustmark Dealer,Diesel,Manual,22.7,1498,89.84,5,Ford Ecosport used car experienced vehicle moderate usage manual transmission diesel engine fuel efficient comfortable car,575000
Hyundai i20,Hyundai,i20,4,35000,Individual,Petrol,Manual,18.6,1197,81.83,5,Hyundai i20 used car good condition moderate usage manual transmission petrol engine good mileage comfortable car,550000
Maruti Ciaz,Maruti,Ciaz,7,160000,Individual,Diesel,Manual,26.21,1248,88.5,5,Maruti Ciaz used car experienced vehicle high usage manual transmission diesel engine fuel efficient comfortable car,500000
Maruti Baleno,Maruti,Baleno,1,7124,Individual,Petrol,Manual,21.01,1197,81.8,5,Maruti Baleno used car well maintained low age low mileage manual transmission petrol engine fuel efficient comfortable car,643000
Ford Ecosport,Ford,Ecosport,2,15000,Individual,Petrol,Manual,18.1,999,123.24,5,Ford Ecosport used car well maintained low age low mileage manual transmission petrol engine good mileage comfortable car,1000000
Hyundai Grand,Hyundai,Grand,5,34000,Individual,Petrol,Manual,18.9,1197,82.0,5,Hyundai Grand used car good condition moderate usage manual transmission petrol engine good mileage comfortable car,550000
Volkswagen Vento,Volkswagen,Vento,10,280000,Individual,Diesel,Manual,20.54,1598,103.6,5,Volkswagen Vento used car experienced vehicle high usage manual transmission diesel engine fuel efficient comfortable car,300000
Tata Tigor,Tata,Tigor,3,40000,Individual,Petrol,Manual,20.3,1199,84.0,5,Tata Tigor used car well maintained low age moderate usage manual transmission petrol engine fuel efficient comfortable car,470000
Honda City,Honda,City,7,77000,Dealer,Diesel,Manual,26.0,1498,98.6,5,Honda City used car experienced vehicle moderate usage manual transmission diesel engine fuel efficient comfortable car,525000
Datsun GO,Datsun,GO,4,15000,Individual,Petrol,Manual,19.44,1198,67.0,7,Datsun GO used car good condition low mileage manual transmission petrol engine good mileage spacious family car,469000
Maruti Alto,Maruti,Alto,9,60000,Individual,Petrol,Manual,20.92,998,67.1,5,Maruti Alto used car experienced vehicle moderate usage manual transmission petrol engine fuel efficient comfortable car,210000
Maruti Alto,Maruti,Alto,8,120000,Individual,Petrol,Manual,22.74,796,47.3,5,Maruti Alto used car experienced vehicle high usage manual transmission petrol engine fuel efficient comfortable car,200000
Renault KWID,Renault,KWID,2,2500,Individual,Petrol,Manual,23.01,999,67.0,5,Renault KWID used car well maintained low age low mileage manual transmission petrol engine fuel efficient comfortable car,400000
Jaguar XF,Jaguar,XF,8,50000,Dealer,Diesel,Automatic,16.36,2179,187.7,5,Jaguar XF used car experienced vehicle moderate usage automatic transmission diesel engine good mileage comfortable car,2150000
Maruti Celerio,Maruti,Celerio,5,46500,Individual,Petrol,Manual,23.1,998,67.04,5,Maruti Celerio used car good condition moderate usage manual transmission petrol engine fuel efficient comfortable car,340000
Maruti Alto,Maruti,Alto,16,5000,Individual,Petrol,Manual,19.7,796,46.3,5,Maruti Alto used car experienced vehicle low mileage manual transmission petrol engine good mileage comfortable car,95000
Maruti Swift,Maruti,Swift,9,68000,Individual,Diesel,Manual,22.9,1248,74.0,5,Maruti Swift used car experienced vehicle moderate usage manual transmission diesel engine fuel efficient comfortable car,381000
Mercedes-Benz C-Class,Mercedes-Benz,C-Class,10,45000,Dealer,Diesel,Automatic,14.94,2143,204.0,5,Mercedes-Benz C-Class used car experienced vehicle moderate usage automatic transmission diesel engine comfortable car,775000
Maruti Swift Dzire,Maruti,Swift Dzire,4,20000,Individual,Diesel,Manual,28.4,1248,74.02,5,Maruti Swift Dzire used car good condition low mileage manual transmission diesel engine fuel efficient comfortable car,700000
Maruti Ciaz,Maruti,Ciaz,4,106000,Dealer,Diesel,Manual,28.09,1248,88.5,5,Maruti Ciaz used car good condition high usage manual transmission diesel engine fuel efficient comfortable car,675000
Honda City,Honda,City,6,28000,Dealer,Petrol,Automatic,18.0,1497,117.3,5,Honda City used car good condition low mileage automatic transmission petrol engine good mileage comfortable car,670000
Mahindra XUV500,Mahindra,XUV500,3,50000,Individual,Diesel,Manual,16.0,2179,140.0,7,Mahindra XUV500 used car well maintained low age moderate usage manual transmission diesel engine good mileage spacious family car,1050000
BMW X5,BMW,X5,2,19000,Individual,Diesel,Automatic,13.38,2993,265.0,5,BMW X5 used car well maintained low age low mileage automatic transmission diesel engine comfortable car,7900000
Honda City,Honda,City,10,55000,Dealer,Petrol,Manual,17.0,1497,118.0,5,Honda City used car experienced vehicle moderate usage manual transmission petrol engine good mileage comfortable car,360000
Ford Figo,Ford,Figo,4,53000,Individual,Diesel,Manual,25.83,1498,99.0,5,Ford Figo used car good condition moderate usage manual transmission diesel engine fuel efficient comfortable car,400000
Hyundai Verna,Hyundai,Verna,7,89000,Dealer,Diesel,Manual,22.32,1582,126.32,5,Hyundai Verna used car experienced vehicle high usage manual transmission diesel engine fuel efficient comfortable car,470000
Maruti Alto,Maruti,Alto,3,22000,Individual,Petrol,Manual,24.7,796,47.3,5,Maruti Alto used car well maintained low age low mileage manual transmission petrol engine fuel efficient comfortable car,304000
Honda City,Honda,City,7,69000,Dealer,Diesel,Manual,26.0,1498,98.6,5,Honda City used car experienced vehicle moderate usage manual transmission diesel engine fuel efficient comfortable car,490000
Mahindra Scorpio,Mahindra,Scorpio,5,155000,Individual,Diesel,Manual,15.4,1997,120.0,7,Mahindra Scorpio used car good condition high usage manual transmission diesel engine good mileage spacious family car,864000
Mahindra XUV500,Mahindra,XUV500,8,85000,Dealer,Diesel,Manual,16.0,2179,140.0,7,Mahindra XUV500 used car experienced vehicle high usage manual transmission diesel engine good mileage spacious family car,480000
Maruti Wagon R,Maruti,Wagon R,2,3600,Dealer,Petrol,Automatic,20.52,1197,81.8,5,Maruti Wagon R used car well maintained low age low mileage automatic transmission petrol engine fuel efficient comfortable car,575000
Toyota Innova,Toyota,Innova,6,143000,Dealer,Diesel,Manual,12.99,2494,100.0,7,Toyota Innova used car good condition high usage manual transmission diesel engine spacious family car,780000
Audi A6,Audi,A6,3,24000,Dealer,Diesel,Automatic,17.68,1968,174.33,5,Audi A6 used car well maintained low age low mileage automatic transmission diesel engine good mileage comfortable car,3490000
MG Hector,MG,Hector,2,28000,Dealer,Diesel,Manual,17.41,1956,167.68,5,MG Hector used car well maintained low age low mileage manual transmission diesel engine good mileage comfortable car,1699000
Maruti Swift,Maruti,Swift,2,44000,Individual,Diesel,Manual,28.4,1248,74.0,5,Maruti Swift used car well maintained low age moderate usage manual transmission diesel engine fuel efficient comfortable car,800000
Maruti Baleno,Maruti,Baleno,3,10000,Individual,Petrol,Automatic,21.4,1197,83.1,5,Maruti Baleno used car well maintained low age low mileage automatic transmission petrol engine fuel efficient comfortable car,680000
Toyota Fortuner,Toyota,Fortuner,11,200000,Individual,Diesel,Manual,11.5,2982,171.0,7,Toyota Fortuner used car experienced vehicle high usage manual transmission diesel engine spacious family car,1200000
Toyota Innova,Toyota,Innova,9,187031,Dealer,Diesel,Manual,12.99,2494,100.0,8,Toyota Innova used car experienced vehicle high usage manual transmission diesel engine spacious family car,525000
Ford Ecosport,Ford,Ecosport,2,22346,Dealer,Petrol,Manual,17.0,1497,121.36,5,Ford Ecosport used car well maintained low age low mileage manual transmission petrol engine good mileage comfortable car,955000
Hyundai i20,Hyundai,i20,9,120000,Individual,Diesel,Manual,21.9,1396,90.0,5,Hyundai i20 used car experienced vehicle high usage manual transmission diesel engine fuel efficient comfortable car,350000
Maruti Vitara,Maruti,Vitara,1,1000,Dealer,Petrol,Manual,17.03,1462,103.26,5,Maruti Vitara used car well maintained low age low mileage manual transmission petrol engine good mileage comfortable car,800000
Maruti Alto,Maruti,Alto,16,56700,Individual,Petrol,Manual,19.7,796,46.3,5,Maruti Alto used car experienced vehicle moderate usage manual transmission petrol engine good mileage comfortable car,75000
Mahindra XUV500,Mahindra,XUV500,6,170000,Individual,Diesel,Manual,16.0,2179,140.0,7,Mahindra XUV500 used car good condition high usage manual transmission diesel engine good mileage spacious family car,825000
Mahindra Marazzo,Mahindra,Marazzo,2,60000,Individual,Diesel,Manual,17.3,1497,121.0,8,Mahindra Marazzo used car well maintained low age moderate usage manual transmission diesel engine good mileage spacious family car,1476000
Honda Jazz,Honda,Jazz,3,40000,Dealer,Petrol,Automatic,18.2,1199,88.7,5,Honda Jazz used car well maintained low age moderate usage automatic transmission petrol engine good mileage comfortable car,670000
Maruti Alto,Maruti,Alto,9,28000,Dealer,Petrol,Manual,19.7,796,46.3,5,Maruti Alto used car experienced vehicle low mileage manual transmission petrol engine good mileage comfortable car,180000
Hyundai Grand,Hyundai,Grand,4,35000,Individual,Petrol,Manual,18.9,1197,81.86,5,Hyundai Grand used car good condition moderate usage manual transmission petrol engine good mileage comfortable car,490000
Maruti Baleno,Maruti,Baleno,4,20000,Individual,Petrol,Manual,21.4,1197,83.1,5,Maruti Baleno used car good condition low mileage manual transmission petrol engine fuel efficient comfortable car,550000
Hyundai i10,Hyundai,i10,7,40000,Individual,Petrol,Manual,20.36,1197,78.9,5,Hyundai i10 used car experienced vehicle moderate usage manual transmission petrol engine fuel efficient comfortable car,350000
Toyota Innova,Toyota,Innova,2,35000,Individual,Diesel,Manual,13.68,2393,147.8,8,Toyota Innova used car well maintained low age moderate usage manual transmission diesel engine spacious family car,1500000
Ford Figo,Ford,Figo,9,74000,Dealer,Diesel,Manual,20.0,1399,68.05,5,Ford Figo used car experienced vehicle moderate usage manual transmission diesel engine fuel efficient comfortable car,190000
Renault Duster,Renault,Duster,7,46500,Individual,Diesel,Manual,20.45,1461,83.8,5,Renault Duster used car experienced vehicle moderate usage manual transmission diesel engine fuel efficient comfortable car,460000
Maruti Swift,Maruti,Swift,2,8000,Dealer,Petrol,Automatic,21.21,1197,81.8,5,Maruti Swift used car well maintained low age low mileage automatic transmission petrol engine fuel efficient comfortable car,650000
Maruti Ciaz,Maruti,Ciaz,5,120000,Individual,Diesel,Manual,28.09,1248,88.5,5,Maruti Ciaz used car good condition high usage manual transmission diesel engine fuel efficient comfortable car,700000
Maruti Swift,Maruti,Swift,4,34000,Individual,Petrol,Manual,20.4,1197,81.8,5,Maruti Swift used car good condition moderate usage manual transmission petrol engine fuel efficient comfortable car,455000
Maruti Swift,Maruti,Swift,7,54000,Dealer,Petrol,Manual,22.0,1197,81.8,5,Maruti Swift used car experienced vehicle moderate usage manual transmission petrol engine fuel efficient comfortable car,365000
Maruti Swift Dzire,Maruti,Swift Dzire,7,11275,Dealer,Petrol,Manual,19.1,1197,85.8,5,Maruti Swift Dzire used car experienced vehicle low mileage manual transmission petrol engine good mileage comfortable car,470000
Toyota Fortuner,Toyota,Fortuner,3,35000,Dealer,Diesel,Automatic,12.9,2755,174.5,7,Toyota Fortuner used car well maintained low age moderate usage automatic transmission diesel engine spacious family car,2950000
Maruti Swift,Maruti,Swift,9,48000,Individual,Diesel,Manual,22.9,1248,74.0,5,Maruti Swift used car experienced vehicle moderate usage manual transmission diesel engine fuel efficient comfortable car,400000
Renault Duster,Renault,Duster,6,68000,Dealer,Diesel,Manual,19.87,1461,83.8,5,Renault Duster used car good condition moderate usage manual transmission diesel engine good mileage comfortable car,550000
Honda Civic,Honda,Civic,2,23000,Dealer,Petrol,Automatic,13.9,1799,130.2,5,Honda Civic used car well maintained low age low mileage automatic transmission petrol engine comfortable car,1519000
Maruti Swift Dzire,Maruti,Swift Dzire,3,31500,Individual,Diesel,Automatic,28.4,1248,74.02,5,Maruti Swift Dzire used car well maintained low age moderate usage automatic transmission diesel engine fuel efficient comfortable car,740000
Honda Amaze,Honda,Amaze,8,73000,Dealer,Diesel,Manual,25.8,1498,98.6,5,Honda Amaze used car experienced vehicle moderate usage manual transmission diesel engine fuel efficient comfortable car,325000
Hyundai Grand,Hyundai,Grand,1,10000,Individual,Petrol,Automatic,20.7,1197,81.86,5,Hyundai Grand used car well maintained low age low mileage automatic transmission petrol engine fuel efficient comfortable car,600000
Honda Amaze,Honda,Amaze,8,208000,Individual,Diesel,Manual,25.8,1498,98.6,5,Honda Amaze used car experienced vehicle high usage manual transmission diesel engine fuel efficient comfortable car,300000
Hyundai i10,Hyundai,i10,11,30000,Individual,Petrol,Manual,20.36,1197,78.9,5,Hyundai i10 used car experienced vehicle moderate usage manual transmission petrol engine fuel efficient comfortable car,300000
Maruti Wagon R,Maruti,Wagon R,5,83000,Dealer,CNG,Manual,26.6,998,58.16,5,Maruti Wagon R used car good condition high usage manual transmission cng engine fuel efficient comfortable car,345000
Mahindra Scorpio,Mahindra,Scorpio,3,60000,Individual,Diesel,Manual,15.4,2523,75.0,7,Mahindra Scorpio used car well maintained low age moderate usage manual transmission diesel engine good mileage spacious family car,900000
Mahindra XUV500,Mahindra,XUV500,5,83000,Dealer,Diesel,Manual,16.0,1997,140.0,7,Mahindra XUV500 used car good condition high usage manual transmission diesel engine good mileage spacious family car,1025000
Isuzu D-Max,Isuzu,D-Max,4,58132,Dealer,Diesel,Manual,12.4,2499,134.0,5,Isuzu D-Max used car good condition moderate usage manual transmission diesel engine comfortable car,1450000
Maruti Swift,Maruti,Swift,6,34000,Individual,Petrol,Manual,20.4,1197,81.8,5,Maruti Swift used car good condition moderate usage manual transmission petrol engine fuel efficient comfortable car,400000
Honda Amaze,Honda,Amaze,7,45120,Dealer,Diesel,Manual,25.8,1498,98.6,5,Honda Amaze used car experienced vehicle moderate usage manual transmission diesel engine fuel efficient comfortable car,367000
Hyundai Grand,Hyundai,Grand,2,15000,Individual,Petrol,Automatic,18.9,1197,81.86,5,Hyundai Grand used car well maintained low age low mileage automatic transmission petrol engine good mileage comfortable car,535000
Maruti Ertiga,Maruti,Ertiga,2,15000,Individual,Petrol,Manual,19.34,1462,103.0,7,Maruti Ertiga used car well maintained low age low mileage manual transmission petrol engine good mileage spacious family car,805000
MG Hector,MG,Hector,1,1000,Dealer,Petrol,Manual,15.81,1451,141.0,5,MG Hector used car well maintained low age low mileage manual transmission petrol engine good mileage comfortable car,1488000
Hyundai i10,Hyundai,i10,9,64000,Individual,Petrol,Manual,20.36,1197,78.9,5,Hyundai i10 used car experienced vehicle moderate usage manual transmission petrol engine fuel efficient comfortable car,250000
Mercedes-Benz E-Class,Mercedes-Benz,E-Class,10,98000,Dealer,Diesel,Automatic,14.21,2143,203.0,5,Mercedes-Benz E-Class used car experienced vehicle high usage automatic transmission diesel engine comfortable car,700000
Maruti Vitara,Maruti,Vitara,5,65000,Dealer,Diesel,Manual,24.3,1248,88.5,5,Maruti Vitara used car good condition moderate usage manual transmission diesel engine fuel efficient comfortable car,675000
Maruti Swift,Maruti,Swift,6,84000,Dealer,Diesel,Manual,28.4,1248,74.0,5,Maruti Swift used car good condition high usage manual transmission diesel engine fuel efficient comfortable car,425000
Maruti Alto,Maruti,Alto,6,33000,Individual,Petrol,Manual,22.74,796,47.3,5,Maruti Alto used car good condition moderate usage manual transmission petrol engine fuel efficient comfortable car,260000
Honda City,Honda,City,5,55670,Dealer,Petrol,Manual,17.8,1497,117.3,5,Honda City used car good condition moderate usage manual transmission petrol engine good mileage comfortable car,700000
Maruti Baleno,Maruti,Baleno,4,50000,Individual,Diesel,Manual,27.39,1248,74.0,5,Maruti Baleno used car good condition moderate usage manual transmission diesel engine fuel efficient comfortable car,560000
Hyundai Verna,Hyundai,Verna,15,148000,Individual,Diesel,Manual,16.8,1493,110.0,5,Hyundai Verna used car experienced vehicle high usage manual transmission diesel engine good mileage comfortable car,155000
Porsche Cayenne,Porsche,Cayenne,5,47000,Dealer,Diesel,Automatic,15.15,2967,240.0,5,Porsche Cayenne used car good condition moderate usage automatic transmission diesel engine good mileage comfortable car,5975000
Maruti Ertiga,Maruti,Ertiga,2,18000,Dealer,Petrol,Manual,19.01,1462,103.26,7,Maruti Ertiga used car well maintained low age low mileage manual transmission petrol engine good mileage spacious family car,800000
BMW 3,BMW,3,10,52420,Dealer,Diesel,Automatic,22.69,1995,190.0,5,BMW 3 used car experienced vehicle moderate usage automatic transmission diesel engine fuel efficient comfortable car,750000
Hyundai Grand,Hyundai,Grand,6,10000,Individual,Petrol,Manual,18.9,1197,82.0,5,Hyundai Grand used car good condition low mileage manual transmission petrol engine good mileage comfortable car,350000
Toyota Innova,Toyota,Innova,5,40000,Individual,Diesel,Manual,13.68,2393,147.8,8,Toyota Innova used car good condition moderate usage manual transmission diesel engine spacious family car,1380000
Mahindra Scorpio,Mahindra,Scorpio,6,50000,Individual,Diesel,Manual,15.4,2179,120.0,7,Mahindra Scorpio used car good condition moderate usage manual transmission diesel engine good mileage spacious family car,1000000
Maruti Ertiga,Maruti,Ertiga,3,50000,Individual,Petrol,Manual,17.5,1373,91.1,7,Maruti Ertiga used car well maintained low age moderate usage manual transmission petrol engine good mileage spacious family car,700000
Maruti Swift Dzire,Maruti,Swift Dzire,12,76963,Individual,Petrol,Manual,17.5,1298,85.8,5,Maruti Swift Dzire used car experienced vehicle moderate usage manual transmission petrol engine good mileage comfortable car,230000
BMW 5,BMW,5,5,52890,Dealer,Diesel,Automatic,18.12,1995,190.0,5,BMW 5 used car good condition moderate usage automatic transmission diesel engine good mileage comfortable car,2800000
Maruti Alto,Maruti,Alto,5,45000,Dealer,CNG,Manual,30.46,796,47.3,5,Maruti Alto used car good condition moderate usage manual transmission cng engine fuel efficient comfortable car,350000
Maruti Baleno,Maruti,Baleno,3,25000,Individual,Diesel,Manual,27.39,1248,74.0,5,Maruti Baleno used car well maintained low age low mileage manual transmission diesel engine fuel efficient comfortable car,825000
Renault KWID,Renault,KWID,3,10103,Dealer,Petrol,Manual,25.17,799,53.3,5,Renault KWID used car well maintained low age low mileage manual transmission petrol engine fuel efficient comfortable car,325000
BMW X1,BMW,X1,7,24000,Dealer,Diesel,Automatic,17.05,1995,184.0,5,BMW X1 used car experienced vehicle low mileage automatic transmission diesel engine good mileage comfortable car,1675000
Mahindra XUV500,Mahindra,XUV500,7,47240,Dealer,Diesel,Manual,15.1,2179,140.0,7,Mahindra XUV500 used car experienced vehicle moderate usage manual transmission diesel engine good mileage spacious family car,800000
Maruti Celerio,Maruti,Celerio,2,30000,Individual,Petrol,Manual,23.1,998,67.04,5,Maruti Celerio used car well maintained low age moderate usage manual transmission petrol engine fuel efficient comfortable car,400000
Toyota Innova,Toyota,Innova,3,58000,Dealer,Diesel,Manual,13.68,2393,147.51,7,Toyota Innova used car well maintained low age moderate usage manual transmission diesel engine spacious family car,1750000
Audi A4,Audi,A4,8,65000,Dealer,Diesel,Automatic,16.55,1968,147.51,5,Audi A4 used car experienced vehicle moderate usage automatic transmission diesel engine good mileage comfortable car,1200000
Hyundai i20,Hyundai,i20,6,35213,Dealer,Diesel,Manual,22.54,1396,88.73,5,Hyundai i20 used car good condition moderate usage manual transmission diesel engine fuel efficient comfortable car,535000
Hyundai Grand,Hyundai,Grand,6,35000,Individual,Petrol,Manual,18.9,1197,82.0,5,Hyundai Grand used car good condition moderate usage manual transmission petrol engine good mileage comfortable car,356000
Mahindra XUV500,Mahindra,XUV500,9,92000,Dealer,Diesel,Manual,16.0,2179,140.0,7,Mahindra XUV500 used car experienced vehicle high usage manual transmission diesel engine good mileage spacious family car,550000
Maruti Eeco,Maruti,Eeco,3,34500,Dealer,CNG,Manual,21.94,1196,61.7,5,Maruti Eeco used car well maintained low age moderate usage manual transmission cng engine fuel efficient comfortable car,360000
Maruti Ertiga,Maruti,Ertiga,4,50000,Individual,Diesel,Manual,24.52,1248,88.5,7,Maruti Ertiga used car good condition moderate usage manual transmission diesel engine fuel efficient spacious family car,700000
Hyundai Grand,Hyundai,Grand,5,30000,Individual,Petrol,Manual,18.9,1197,82.0,5,Hyundai Grand used car good condition moderate usage manual transmission petrol engine good mileage comfortable car,390000
Toyota Fortuner,Toyota,Fortuner,9,51000,Dealer,Diesel,Automatic,12.55,2982,168.7,7,Toyota Fortuner used car experienced vehicle moderate usage automatic transmission diesel engine spacious family car,1245000
Mahindra XUV500,Mahindra,XUV500,4,60000,Individual,Diesel,Automatic,16.0,2179,140.0,7,Mahindra XUV500 used car good condition moderate usage automatic transmission diesel engine good mileage spacious family car,1150000
Maruti Wagon R,Maruti,Wagon R,10,83000,Dealer,Petrol,Manual,18.9,998,67.1,5,Maruti Wagon R used car experienced vehicle high usage manual transmission petrol engine good mileage comfortable car,180000
Skoda Rapid,Skoda,Rapid,7,70000,Dealer,Petrol,Manual,15.0,1598,103.52,5,Skoda Rapid used car experienced vehicle moderate usage manual transmission petrol engine good mileage comfortable car,425000
Ford Freestyle,Ford,Freestyle,2,50000,Individual,Petrol,Manual,19.0,1194,94.68,5,Ford Freestyle used car well maintained low age moderate usage manual transmission petrol engine good mileage comfortable car,650000
Maruti Swift,Maruti,Swift,9,60000,Individual,Diesel,Manual,22.9,1248,74.0,5,Maruti Swift used car experienced vehicle moderate usage manual transmission diesel engine fuel efficient comfortable car,400000
Honda City,Honda,City,12,51000,Dealer,Petrol,Manual,17.0,1497,118.0,5,Honda City used car experienced vehicle moderate usage manual transmission petrol engine good mileage comfortable car,275000
Maruti Alto,Maruti,Alto,10,40000,Individual,Petrol,Manual,19.7,796,46.3,5,Maruti Alto used car experienced vehicle moderate usage manual transmission petrol engine good mileage comfortable car,170000
Skoda Superb,Skoda,Superb,11,100000,Individual,Petrol,Manual,13.14,1798,157.8,5,Skoda Superb used car experienced vehicle high usage manual transmission petrol engine comfortable car,235000
Mercedes-Benz C-Class,Mercedes-Benz,C-Class,10,160000,Individual,Diesel,Automatic,14.84,2143,170.0,5,Mercedes-Benz C-Class used car experienced vehicle high usage automatic transmission diesel engine comfortable car,700000
Maruti Alto,Maruti,Alto,7,70000,Individual,Petrol,Manual,23.95,998,67.05,5,Maruti Alto used car experienced vehicle moderate usage manual transmission petrol engine fuel efficient comfortable car,250000
Maruti Swift,Maruti,Swift,8,70000,Individual,Petrol,Manual,18.6,1197,85.8,5,Maruti Swift used car experienced vehicle moderate usage manual transmission petrol engine good mileage comfortable car,350000
Hyundai i20,Hyundai,i20,5,50000,Individual,Petrol,Manual,18.6,1197,81.83,5,Hyundai i20 used car good condition moderate usage manual transmission petrol engine good mileage comfortable car,480000
Maruti Swift Dzire,Maruti,Swift Dzire,4,30000,Dealer,Petrol,Automatic,21.21,1197,81.8,5,Maruti Swift Dzire used car good condition moderate usage automatic transmission petrol engine fuel efficient comfortable car,690000
Maruti Ciaz,Maruti,Ciaz,6,60000,Individual,Diesel,Manual,26.21,1248,88.5,5,Maruti Ciaz used car good condition moderate usage manual transmission diesel engine fuel efficient comfortable car,670000
Maruti Alto,Maruti,Alto,10,50000,Individual,Petrol,Manual,20.92,998,67.1,5,Maruti Alto used car experienced vehicle moderate usage manual transmission petrol engine fuel efficient comfortable car,250000
Mahindra Scorpio,Mahindra,Scorpio,4,42000,Dealer,Diesel,Manual,15.4,2523,75.0,7,Mahindra Scorpio used car good condition moderate usage manual transmission diesel engine good mileage spacious family car,935000
Hyundai Verna,Hyundai,Verna,2,15000,Individual,Petrol,Manual,17.0,1591,121.3,5,Hyundai Verna used car well maintained low age low mileage manual transmission petrol engine good mileage comfortable car,1030000
Maruti Wagon R,Maruti,Wagon R,16,33650,Individual,Petrol,Manual,18.9,998,67.1,5,Maruti Wagon R used car experienced vehicle moderate usage manual transmission petrol engine good mileage comfortable car,110000
Hyundai i20,Hyundai,i20,6,35000,Individual,Petrol,Manual,18.6,1197,81.83,5,Hyundai i20 used car good condition moderate usage manual transmission petrol engine good mileage comfortable car,470000
Maruti Swift,Maruti,Swift,6,30000,Individual,Petrol,Manual,20.4,1197,81.8,5,Maruti Swift used car good condition moderate usage manual transmission petrol engine fuel efficient comfortable car,370000
Maruti Celerio,Maruti,Celerio,3,100000,Individual,Petrol,Automatic,23.1,998,67.04,5,Maruti Celerio used car well maintained low age high usage automatic transmission petrol engine fuel efficient comfortable car,450000
Maruti Wagon R,Maruti,Wagon R,5,58000,Dealer,CNG,Manual,26.2,998,58.2,5,Maruti Wagon R used car good condition moderate usage manual transmission cng engine fuel efficient comfortable car,275000
Maruti Swift Dzire,Maruti,Swift Dzire,2,4000,Individual,Petrol,Automatic,21.21,1197,81.8,5,Maruti Swift Dzire used car well maintained low age low mileage automatic transmission petrol engine fuel efficient comfortable car,731000
Maruti Wagon R,Maruti,Wagon R,5,60000,Individual,Petrol,Manual,20.51,998,67.04,5,Maruti Wagon R used car good condition moderate usage manual transmission petrol engine fuel efficient comfortable car,380000
Tata Nexon,Tata,Nexon,3,60000,Individual,Diesel,Manual,21.5,1497,108.5,5,Tata Nexon used car well maintained low age moderate usage manual transmission diesel engine fuel efficient comfortable car,900000
Honda Amaze,Honda,Amaze,5,34000,Dealer,Petrol,Manual,18.0,1198,86.7,5,Honda Amaze used car good condition moderate usage manual transmission petrol engine good mileage comfortable car,500000
Datsun GO,Datsun,GO,4,42000,Individual,Petrol,Manual,20.63,1198,67.06,5,Datsun GO used car good condition moderate usage manual transmission petrol engine fuel efficient comfortable car,330000
Tata Hexa,Tata,Hexa,3,60000,Individual,Diesel,Manual,17.6,2179,153.86,7,Tata Hexa used car well maintained low age moderate usage manual transmission diesel engine good mileage spacious family car,1400000
Hyundai Verna,Hyundai,Verna,8,80000,Individual,Diesel,Manual,22.32,1582,126.3,5,Hyundai Verna used car experienced vehicle high usage manual transmission diesel engine fuel efficient comfortable car,540000
Mahindra Bolero,Mahindra,Bolero,13,120000,Individual,Diesel,Manual,13.6,2523,63.0,7,Mahindra Bolero used car experienced vehicle high usage manual transmission diesel engine spacious family car,375000
Toyota Fortuner,Toyota,Fortuner,5,50000,Dealer,Petrol,Automatic,10.26,2694,163.7,7,Toyota Fortuner used car good condition moderate usage automatic transmission petrol engine spacious family car,2600000
Ford Ecosport,Ford,Ecosport,5,35200,Dealer,Petrol,Automatic,14.7,1496,120.69,5,Ford Ecosport used car good condition moderate usage automatic transmission petrol engine comfortable car,725000
Hyundai i20,Hyundai,i20,1,3700,Trustmark Dealer,Petrol,Manual,18.6,1197,81.86,5,Hyundai i20 used car well maintained low age low mileage manual transmission petrol engine good mileage comfortable car,765000
Maruti Wagon R,Maruti,Wagon R,5,25000,Individual,Petrol,Manual,20.51,998,67.04,5,Maruti Wagon R used car good condition low mileage manual transmission petrol engine fuel efficient comfortable car,380000
Toyota Fortuner,Toyota,Fortuner,4,64000,Dealer,Diesel,Automatic,12.9,2755,174.5,7,Toyota Fortuner used car good condition moderate usage automatic transmission diesel engine spacious family car,2625000
Mahindra XUV500,Mahindra,XUV500,8,50000,Dealer,Diesel,Manual,15.1,2179,140.0,7,Mahindra XUV500 used car experienced vehicle moderate usage manual transmission diesel engine good mileage spacious family car,621000
Maruti Swift Dzire,Maruti,Swift Dzire,2,15000,Individual,Petrol,Manual,21.21,1197,81.8,5,Maruti Swift Dzire used car well maintained low age low mileage manual transmission petrol engine fuel efficient comfortable car,600000
Mahindra XUV300,Mahindra,XUV300,2,30000,Individual,Petrol,Manual,17.0,1197,110.0,5,Mahindra XUV300 used car well maintained low age moderate usage manual transmission petrol engine good mileage comfortable car,1130000
Maruti Swift Dzire,Maruti,Swift Dzire,1,35000,Individual,Petrol,Manual,21.21,1197,81.8,5,Maruti Swift Dzire used car well maintained low age moderate usage manual transmission petrol engine fuel efficient comfortable car,670000
Ford Endeavour,Ford,Endeavour,4,62876,Dealer,Diesel,Automatic,10.91,3198,197.0,7,Ford Endeavour used car good condition moderate usage automatic transmission diesel engine spacious family car,2875000
Honda Amaze,Honda,Amaze,6,70000,Individual,Diesel,Manual,25.8,1498,98.6,5,Honda Amaze used car good condition moderate usage manual transmission diesel engine fuel efficient comfortable car,350000
Maruti Swift Dzire,Maruti,Swift Dzire,6,84003,Individual,Diesel,Manual,26.59,1248,74.0,5,Maruti Swift Dzire used car good condition high usage manual transmission diesel engine fuel efficient comfortable car,530000
Mahindra Thar,Mahindra,Thar,4,55000,Dealer,Diesel,Manual,16.55,2498,105.0,6,Mahindra Thar used car good condition moderate usage manual transmission diesel engine good mileage comfortable car,850000
Maruti Alto,Maruti,Alto,5,42000,Dealer,CNG,Manual,33.44,796,40.3,4,Maruti Alto used car good condition moderate usage manual transmission cng engine fuel efficient comfortable car,260000
Maruti Alto,Maruti,Alto,8,31000,Dealer,Petrol,Manual,20.92,998,67.1,5,Maruti Alto used car experienced vehicle moderate usage manual transmission petrol engine fuel efficient comfortable car,230000
Ford Ecosport,Ford,Ecosport,8,80000,Dealer,Diesel,Manual,22.7,1498,89.84,5,Ford Ecosport used car experienced vehicle high usage manual transmission diesel engine fuel efficient comfortable car,475000
Tata Nexon,Tata,Nexon,2,6000,Individual,Petrol,Manual,17.0,1198,108.5,5,Tata Nexon used car well maintained low age low mileage manual transmission petrol engine good mileage comfortable car,750000
Land Rover Rover,Land Rover,Rover,2,12000,Dealer,Diesel,Automatic,12.63,2179,147.5,5,Land Rover Rover used car well maintained low age low mileage automatic transmission diesel engine comfortable car,4000000
Skoda Superb,Skoda,Superb,8,65000,Dealer,Diesel,Manual,17.2,1968,138.1,5,Skoda Superb used car experienced vehicle moderate usage manual transmission diesel engine good mileage comfortable car,499000
Honda Jazz,Honda,Jazz,4,30000,Dealer,Petrol,Manual,18.7,1199,88.7,5,Honda Jazz used car good condition moderate usage manual transmission petrol engine good mileage comfortable car,525000
Hyundai i20,Hyundai,i20,7,10000,Individual,Petrol,Manual,18.6,1197,81.83,5,Hyundai i20 used car experienced vehicle low mileage manual transmission petrol engine good mileage comfortable car,535000
Maruti Dzire VXI,Maruti,Dzire VXI,5,62150,Dealer,Petrol,Manual,23.26,1197,88.5,5,Maruti Dzire VXI used car good condition moderate usage manual transmission petrol engine fuel efficient comfortable car,485000
Mahindra XUV500,Mahindra,XUV500,6,47300,Dealer,Diesel,Manual,15.1,2179,140.0,7,Mahindra XUV500 used car good condition moderate usage manual transmission diesel engine good mileage spacious family car,745000
Ford Aspire,Ford,Aspire,6,63000,Dealer,Diesel,Manual,25.83,1498,99.0,5,Ford Aspire used car good condition moderate usage manual transmission diesel engine fuel efficient comfortable car,475000
Hyundai Grand,Hyundai,Grand,7,80000,Individual,Diesel,Manual,24.0,1120,70.0,5,Hyundai Grand used car experienced vehicle high usage manual transmission diesel engine fuel efficient comfortable car,300000
Volvo S90,Volvo,S90,5,20400,Dealer,Diesel,Automatic,18.0,1969,190.0,5,Volvo S90 used car good condition low mileage automatic transmission diesel engine good mileage comfortable car,3650000
Maruti Alto,Maruti,Alto,5,71000,Dealer,Petrol,Manual,24.7,796,47.3,5,Maruti Alto used car good condition moderate usage manual transmission petrol engine fuel efficient comfortable car,299000
Maruti Ertiga,Maruti,Ertiga,4,52000,Dealer,Diesel,Manual,24.52,1248,88.5,7,Maruti Ertiga used car good condition moderate usage manual transmission diesel engine fuel efficient spacious family car,695000
Hyundai i20,Hyundai,i20,8,70000,Individual,Petrol,Manual,18.5,1197,82.85,5,Hyundai i20 used car experienced vehicle moderate usage manual transmission petrol engine good mileage comfortable car,400000
Hyundai Grand,Hyundai,Grand,1,20000,Individual,Petrol,Manual,20.7,1197,81.86,5,Hyundai Grand used car well maintained low age low mileage manual transmission petrol engine fuel efficient comfortable car,650000
Hyundai Grand,Hyundai,Grand,6,70000,Individual,Diesel,Manual,24.0,1120,70.0,5,Hyundai Grand used car good condition moderate usage manual transmission diesel engine fuel efficient comfortable car,455000
Maruti Wagon R,Maruti,Wagon R,13,100000,Individual,Petrol,Manual,18.9,1061,67.0,5,Maruti Wagon R used car experienced vehicle high usage manual transmission petrol engine good mileage comfortable car,150000
Honda Amaze,Honda,Amaze,3,50000,Individual,Petrol,Manual,17.8,1198,86.7,5,Honda Amaze used car well maintained low age moderate usage manual transmission petrol engine good mileage comfortable car,550000
Hyundai i20,Hyundai,i20,6,67000,Dealer,Diesel,Manual,22.54,1396,88.73,5,Hyundai i20 used car good condition moderate usage manual transmission diesel engine fuel efficient comfortable car,500000
Hyundai Verna,Hyundai,Verna,8,70000,Dealer,Diesel,Manual,22.32,1582,126.3,5,Hyundai Verna used car experienced vehicle moderate usage manual transmission diesel engine fuel efficient comfortable car,365000
Honda Amaze,Honda,Amaze,2,21100,Dealer,Petrol,Automatic,18.1,1199,88.7,5,Honda Amaze used car well maintained low age low mileage automatic transmission petrol engine good mileage comfortable car,775000
Hyundai Grand,Hyundai,Grand,6,50000,Individual,Petrol,Manual,18.9,1197,82.0,5,Hyundai Grand used car good condition moderate usage manual transmission petrol engine good mileage comfortable car,310000
Hyundai Venue,Hyundai,Venue,2,27594,Trustmark Dealer,Petrol,Manual,18.27,998,118.35,5,Hyundai Venue used car well maintained low age low mileage manual transmission petrol engine good mileage comfortable car,995000
Hyundai i10,Hyundai,i10,9,70000,Individual,Petrol,Manual,19.81,1086,68.05,5,Hyundai i10 used car experienced vehicle moderate usage manual transmission petrol engine good mileage comfortable car,190000
Toyota Innova,Toyota,Innova,5,37000,Dealer,Diesel,Automatic,11.36,2755,171.5,7,Toyota Innova used car good condition moderate usage automatic transmission diesel engine spacious family car,1575000
Honda WR-V,Honda,WR-V,2,25000,Individual,Petrol,Manual,17.5,1199,88.7,5,Honda WR-V used car well maintained low age low mileage manual transmission petrol engine good mileage comfortable car,906000
Ford Ecosport,Ford,Ecosport,4,35000,Individual,Diesel,Manual,23.0,1498,98.96,5,Ford Ecosport used car good condition moderate usage manual transmission diesel engine fuel efficient comfortable car,785000
Maruti Alto,Maruti,Alto,10,11266,Dealer,Petrol,Manual,20.92,998,67.1,5,Maruti Alto used car experienced vehicle low mileage manual transmission petrol engine fuel efficient comfortable car,235000
Maruti XL6,Maruti,XL6,2,12005,Dealer,Petrol,Automatic,17.99,1462,103.2,6,Maruti XL6 used car well maintained low age low mileage automatic transmission petrol engine good mileage comfortable car,1200000
Mahindra Bolero,Mahindra,Bolero,8,80000,Individual,Diesel,Manual,15.96,2523,62.1,7,Mahindra Bolero used car experienced vehicle high usage manual transmission diesel engine good mileage spacious family car,470000
Honda City,Honda,City,10,119000,Individual,Petrol,Manual,17.0,1497,118.0,5,Honda City used car experienced vehicle high usage manual transmission petrol engine good mileage comfortable car,400000
Kia Seltos,Kia,Seltos,1,3500,Dealer,Petrol,Automatic,16.8,1497,113.4,5,Kia Seltos used car well maintained low age low mileage automatic transmission petrol engine good mileage comfortable car,1490000
Maruti Baleno,Maruti,Baleno,2,11000,Dealer,Petrol,Manual,21.4,1197,83.1,5,Maruti Baleno used car well maintained low age low mileage manual transmission petrol engine fuel efficient comfortable car,535000
Skoda Rapid,Skoda,Rapid,5,47612,Dealer,Diesel,Manual,21.13,1498,108.6,5,Skoda Rapid used car good condition moderate usage manual transmission diesel engine fuel efficient comfortable car,590000
Renault KWID,Renault,KWID,5,41000,Individual,Petrol,Manual,25.17,799,53.3,5,Renault KWID used car good condition moderate usage manual transmission petrol engine fuel efficient comfortable car,235000
Hyundai Creta,Hyundai,Creta,2,21000,Dealer,Petrol,Manual,15.8,1591,121.3,5,Hyundai Creta used car well maintained low age low mileage manual transmission petrol engine good mileage comfortable car,1250000
Maruti Wagon R,Maruti,Wagon R,6,120000,Individual,Petrol,Manual,20.51,998,67.04,5,Maruti Wagon R used car good condition high usage manual transmission petrol engine fuel efficient comfortable car,300000
BMW X1,BMW,X1,2,22450,Dealer,Diesel,Automatic,20.68,1995,190.0,5,BMW X1 used car well maintained low age low mileage automatic transmission diesel engine fuel efficient comfortable car,3011000
Maruti Swift,Maruti,Swift,1,10000,Individual,Petrol,Manual,21.21,1197,81.8,5,Maruti Swift used car well maintained low age low mileage manual transmission petrol engine fuel efficient comfortable car,615000
Renault KWID,Renault,KWID,5,50000,Individual,Petrol,Manual,25.17,799,53.3,5,Renault KWID used car good condition moderate usage manual transmission petrol engine fuel efficient comfortable car,250000
Mahindra XUV500,Mahindra,XUV500,6,42000,Dealer,Diesel,Manual,16.0,2179,140.0,7,Mahindra XUV500 used car good condition moderate usage manual transmission diesel engine good mileage spacious family car,925000
Maruti Swift Dzire,Maruti,Swift Dzire,2,14000,Dealer,Diesel,Manual,19.3,1248,73.9,5,Maruti Swift Dzire used car well maintained low age low mileage manual transmission diesel engine good mileage comfortable car,725000
Renault KWID,Renault,KWID,3,10000,Individual,Petrol,Manual,23.01,999,67.0,5,Renault KWID used car well maintained low age low mileage manual transmission petrol engine fuel efficient comfortable car,350000
Maruti Wagon R,Maruti,Wagon R,4,70000,Individual,Petrol,Manual,20.51,998,67.04,5,Maruti Wagon R used car good condition moderate usage manual transmission petrol engine fuel efficient comfortable car,360000
Honda City,Honda,City,6,70000,Individual,Diesel,Manual,25.1,1498,98.6,5,Honda City used car good condition moderate usage manual transmission diesel engine fuel efficient comfortable car,700000
Mahindra XUV500,Mahindra,XUV500,3,50000,Individual,Diesel,Automatic,15.1,2179,152.87,7,Mahindra XUV500 used car well maintained low age moderate usage automatic transmission diesel engine good mileage spacious family car,1300000
Volkswagen Polo,Volkswagen,Polo,10,64471,Dealer,Petrol,Manual,15.26,1598,103.5,5,Volkswagen Polo used car experienced vehicle moderate usage manual transmission petrol engine good mileage comfortable car,285000
Maruti Wagon R,Maruti,Wagon R,17,50000,Individual,Petrol,Manual,18.9,998,67.1,5,Maruti Wagon R used car experienced vehicle moderate usage manual transmission petrol engine good mileage comfortable car,62000
Maruti Ignis,Maruti,Ignis,3,20000,Individual,Petrol,Automatic,20.89,1197,81.8,5,Maruti Ignis used car well maintained low age low mileage automatic transmission petrol engine fuel efficient comfortable car,550000
Honda Amaze,Honda,Amaze,4,33869,Dealer,Petrol,Manual,17.8,1198,86.7,5,Honda Amaze used car good condition moderate usage manual transmission petrol engine good mileage comfortable car,527000
Mahindra Bolero,Mahindra,Bolero,9,63497,Individual,Diesel,Manual,15.96,2523,62.1,7,Mahindra Bolero used car experienced vehicle moderate usage manual transmission diesel engine good mileage spacious family car,396000
Maruti Swift Dzire,Maruti,Swift Dzire,7,70000,Individual,Petrol,Manual,19.1,1197,85.8,5,Maruti Swift Dzire used car experienced vehicle moderate usage manual transmission petrol engine good mileage comfortable car,384000
Hyundai i10,Hyundai,i10,12,67000,Individual,Petrol,Manual,20.36,1197,78.9,5,Hyundai i10 used car experienced vehicle moderate usage manual transmission petrol engine fuel efficient comfortable car,210000
Maruti Swift,Maruti,Swift,6,50000,Individual,Diesel,Manual,25.2,1248,74.0,5,Maruti Swift used car good condition moderate usage manual transmission diesel engine fuel efficient comfortable car,500000
Datsun RediGO,Datsun,RediGO,3,20000,Individual,Petrol,Manual,22.7,799,53.64,5,Datsun RediGO used car well maintained low age low mileage manual transmission petrol engine fuel efficient comfortable car,210000
Hyundai Verna,Hyundai,Verna,9,57000,Dealer,Petrol,Manual,17.01,1591,121.3,5,Hyundai Verna used car experienced vehicle moderate usage manual transmission petrol engine good mileage comfortable car,425000
Mahindra Bolero,Mahindra,Bolero,10,30000,Individual,Diesel,Manual,13.6,2523,63.0,7,Mahindra Bolero used car experienced vehicle moderate usage manual transmission diesel engine spacious family car,425000
Maruti Swift Dzire,Maruti,Swift Dzire,3,80000,Individual,Diesel,Automatic,28.4,1248,74.02,5,Maruti Swift Dzire used car well maintained low age high usage automatic transmission diesel engine fuel efficient comfortable car,495000
Maruti Alto,Maruti,Alto,5,50000,Individual,Petrol,Manual,24.7,796,47.3,5,Maruti Alto used car good condition moderate usage manual transmission petrol engine fuel efficient comfortable car,220000
Tata Safari,Tata,Safari,10,190000,Individual,Diesel,Manual,11.57,2179,138.1,7,Tata Safari used car experienced vehicle high usage manual transmission diesel engine spacious family car,218000
Mahindra Bolero,Mahindra,Bolero,3,60000,Individual,Diesel,Manual,15.96,2523,62.1,7,Mahindra Bolero used car well maintained low age moderate usage manual transmission diesel engine good mileage spacious family car,750000
Maruti Ciaz,Maruti,Ciaz,4,60000,Dealer,Petrol,Automatic,19.12,1373,91.1,5,Maruti Ciaz used car good condition moderate usage automatic transmission petrol engine good mileage comfortable car,715000
Audi A6,Audi,A6,7,21000,Dealer,Diesel,Automatic,17.68,1968,174.33,5,Audi A6 used car experienced vehicle low mileage automatic transmission diesel engine good mileage comfortable car,1800000
Maruti Alto,Maruti,Alto,1,5000,Individual,Petrol,Manual,22.05,796,47.3,5,Maruti Alto used car well maintained low age low mileage manual transmission petrol engine fuel efficient comfortable car,350000
Renault KWID,Renault,KWID,2,25000,Individual,Petrol,Manual,25.17,799,53.3,5,Renault KWID used car well maintained low age low mileage manual transmission petrol engine fuel efficient comfortable car,300000
Maruti Alto,Maruti,Alto,11,100000,Individual,Petrol,Manual,20.92,998,67.1,5,Maruti Alto used car experienced vehicle high usage manual transmission petrol engine fuel efficient comfortable car,168000
Land Rover Rover,Land Rover,Rover,9,175000,Individual,Diesel,Automatic,11.8,2993,241.6,7,Land Rover Rover used car experienced vehicle high usage automatic transmission diesel engine spacious family car,2500000
Mercedes-Benz E-Class,Mercedes-Benz,E-Class,9,86500,Dealer,Diesel,Automatic,14.21,2143,203.0,5,Mercedes-Benz E-Class used car experienced vehicle high usage automatic transmission diesel engine comfortable car,1400000
Maruti Swift Dzire,Maruti,Swift Dzire,9,120000,Individual,Diesel,Manual,19.3,1248,73.9,5,Maruti Swift Dzire used car experienced vehicle high usage manual transmission diesel engine good mileage comfortable car,350000
Hyundai Verna,Hyundai,Verna,8,76300,Individual,Diesel,Manual,22.32,1582,126.32,5,Hyundai Verna used car experienced vehicle moderate usage manual transmission diesel engine fuel efficient comfortable car,480000
Renault KWID,Renault,KWID,2,10000,Individual,Petrol,Automatic,24.04,999,67.0,5,Renault KWID used car well maintained low age low mileage automatic transmission petrol engine fuel efficient comfortable car,400000
Hyundai Grand,Hyundai,Grand,2,36000,Dealer,Petrol,Manual,18.9,1197,81.86,5,Hyundai Grand used car well maintained low age moderate usage manual transmission petrol engine good mileage comfortable car,495000
Mahindra KUV,Mahindra,KUV,5,26000,Individual,Petrol,Manual,18.15,1198,82.0,6,Mahindra KUV used car good condition low mileage manual transmission petrol engine good mileage comfortable car,420000
Maruti Swift Dzire,Maruti,Swift Dzire,3,100000,Individual,Diesel,Manual,23.4,1248,74.0,5,Maruti Swift Dzire used car well maintained low age high usage manual transmission diesel engine fuel efficient comfortable car,531000
Ford Ecosport,Ford,Ecosport,2,4000,Individual,Petrol,Manual,17.0,1497,121.36,5,Ford Ecosport used car well maintained low age low mileage manual transmission petrol engine good mileage comfortable car,800000
Maruti Swift Dzire,Maruti,Swift Dzire,6,86000,Individual,Diesel,Manual,26.59,1248,74.0,5,Maruti Swift Dzire used car good condition high usage manual transmission diesel engine fuel efficient comfortable car,550000
Volkswagen Vento,Volkswagen,Vento,9,81000,Dealer,Diesel,Manual,20.54,1598,103.6,5,Volkswagen Vento used car experienced vehicle high usage manual transmission diesel engine fuel efficient comfortable car,465000
Maruti Alto,Maruti,Alto,9,41321,Dealer,Petrol,Manual,19.7,796,46.3,5,Maruti Alto used car experienced vehicle moderate usage manual transmission petrol engine good mileage comfortable car,185000
Mahindra Bolero,Mahindra,Bolero,10,46000,Individual,Diesel,Manual,13.6,2523,63.0,7,Mahindra Bolero used car experienced vehicle moderate usage manual transmission diesel engine spacious family car,340000
Honda City,Honda,City,12,75000,Dealer,Petrol,Manual,16.9,1497,100.0,5,Honda City used car experienced vehicle moderate usage manual transmission petrol engine good mileage comfortable car,340000
Maruti Wagon R,Maruti,Wagon R,12,113000,Dealer,Petrol,Manual,21.79,998,67.05,5,Maruti Wagon R used car experienced vehicle high usage manual transmission petrol engine fuel efficient comfortable car,135000
Hyundai Verna,Hyundai,Verna,3,15000,Dealer,Diesel,Automatic,19.08,1582,126.2,5,Hyundai Verna used car well maintained low age low mileage automatic transmission diesel engine good mileage comfortable car,1225000
Honda Amaze,Honda,Amaze,6,16942,Dealer,Petrol,Manual,18.0,1198,86.7,5,Honda Amaze used car good condition low mileage manual transmission petrol engine good mileage comfortable car,439000
Honda Jazz,Honda,Jazz,5,29484,Dealer,Petrol,Manual,18.7,1199,88.7,5,Honda Jazz used car good condition low mileage manual transmission petrol engine good mileage comfortable car,465000
Maruti Swift Dzire,Maruti,Swift Dzire,6,84405,Individual,Diesel,Manual,26.59,1248,74.0,5,Maruti Swift Dzire used car good condition high usage manual transmission diesel engine fuel efficient comfortable car,530000
Maruti Swift Dzire,Maruti,Swift Dzire,4,30000,Individual,Petrol,Manual,21.21,1197,81.8,5,Maruti Swift Dzire used car good condition moderate usage manual transmission petrol engine fuel efficient comfortable car,650000
Maruti Swift,Maruti,Swift,4,14838,Individual,Petrol,Manual,22.0,1197,81.8,5,Maruti Swift used car good condition low mileage manual transmission petrol engine fuel efficient comfortable car,525000
Honda City,Honda,City,3,31318,Trustmark Dealer,Petrol,Manual,17.8,1497,117.3,5,Honda City used car well maintained low age moderate usage manual transmission petrol engine good mileage comfortable car,885000
Maruti Wagon R,Maruti,Wagon R,14,63000,Dealer,Petrol,Manual,21.79,998,67.05,5,Maruti Wagon R used car experienced vehicle moderate usage manual transmission petrol engine fuel efficient comfortable car,120000
Toyota Innova,Toyota,Innova,9,120000,Individual,Diesel,Manual,12.99,2494,100.0,7,Toyota Innova used car experienced vehicle high usage manual transmission diesel engine spacious family car,860000
Maruti Vitara,Maruti,Vitara,5,50000,Individual,Diesel,Manual,24.3,1248,88.5,5,Maruti Vitara used car good condition moderate usage manual transmission diesel engine fuel efficient comfortable car,810000
Maruti Swift Dzire,Maruti,Swift Dzire,9,74600,Individual,Diesel,Manual,19.3,1248,73.9,5,Maruti Swift Dzire used car experienced vehicle moderate usage manual transmission diesel engine good mileage comfortable car,410000
Tata Safari,Tata,Safari,12,80000,Individual,Diesel,Manual,13.93,2179,138.1,7,Tata Safari used car experienced vehicle high usage manual transmission diesel engine spacious family car,175000
Maruti Swift Dzire,Maruti,Swift Dzire,6,66000,Dealer,Petrol,Manual,20.85,1197,83.14,5,Maruti Swift Dzire used car good condition moderate usage manual transmission petrol engine fuel efficient comfortable car,400000
Honda City,Honda,City,3,31543,Dealer,Petrol,Manual,16.8,1497,116.3,5,Honda City used car well maintained low age moderate usage manual transmission petrol engine good mileage comfortable car,875000
Toyota Innova,Toyota,Innova,3,80000,Individual,Diesel,Manual,13.68,2393,147.8,8,Toyota Innova used car well maintained low age high usage manual transmission diesel engine spacious family car,1350000
Maruti Swift,Maruti,Swift,7,60000,Individual,Diesel,Manual,25.2,1248,74.0,5,Maruti Swift used car experienced vehicle moderate usage manual transmission diesel engine fuel efficient comfortable car,450000
Honda City,Honda,City,6,50000,Individual,Diesel,Manual,25.1,1498,98.6,5,Honda City used car good condition moderate usage manual transmission diesel engine fuel efficient comfortable car,700000
Audi Q7,Audi,Q7,8,28000,Dealer,Diesel,Automatic,12.07,2967,241.4,7,Audi Q7 used car experienced vehicle low mileage automatic transmission diesel engine spacious family car,2650000
Maruti Swift Dzire,Maruti,Swift Dzire,9,60000,Individual,Petrol,Manual,17.5,1197,85.8,5,Maruti Swift Dzire used car experienced vehicle moderate usage manual transmission petrol engine good mileage comfortable car,350000
Maruti Celerio,Maruti,Celerio,3,18000,Individual,Petrol,Manual,21.63,998,67.0,5,Maruti Celerio used car well maintained low age low mileage manual transmission petrol engine fuel efficient comfortable car,460000
Maruti Alto,Maruti,Alto,10,35000,Individual,Petrol,Manual,20.92,998,67.1,5,Maruti Alto used car experienced vehicle moderate usage manual transmission petrol engine fuel efficient comfortable car,220000
Hyundai Creta,Hyundai,Creta,4,48000,Dealer,Diesel,Manual,19.67,1582,126.2,5,Hyundai Creta used car good condition moderate usage manual transmission diesel engine good mileage comfortable car,990000
Mahindra Scorpio,Mahindra,Scorpio,5,50000,Individual,Diesel,Manual,15.4,1997,120.0,7,Mahindra Scorpio used car good condition moderate usage manual transmission diesel engine good mileage spacious family car,950000
Mahindra Bolero,Mahindra,Bolero,9,120000,Individual,Diesel,Manual,15.96,2523,62.1,7,Mahindra Bolero used car experienced vehicle high usage manual transmission diesel engine good mileage spacious family car,460000
Maruti Eeco,Maruti,Eeco,9,20000,Individual,CNG,Manual,15.1,1196,73.0,5,Maruti Eeco used car experienced vehicle low mileage manual transmission cng engine good mileage comfortable car,220000
Mahindra Thar,Mahindra,Thar,3,50000,Individual,Diesel,Manual,16.55,2498,105.0,6,Mahindra Thar used car well maintained low age moderate usage manual transmission diesel engine good mileage comfortable car,900000
Volkswagen Vento,Volkswagen,Vento,6,53837,Dealer,Petrol,Automatic,16.93,1197,103.2,5,Volkswagen Vento used car good condition moderate usage automatic transmission petrol engine good mileage comfortable car,575000
Toyota Fortuner,Toyota,Fortuner,6,48000,Dealer,Diesel,Automatic,12.55,2982,168.5,7,Toyota Fortuner used car good condition moderate usage automatic transmission diesel engine spacious family car,1930000
Maruti Swift,Maruti,Swift,8,32000,Individual,Petrol,Manual,18.6,1197,85.8,5,Maruti Swift used car experienced vehicle moderate usage manual transmission petrol engine good mileage comfortable car,475000
Renault Triber,Renault,Triber,1,1784,Dealer,Petrol,Manual,20.0,999,71.0,7,Renault Triber used car well maintained low age low mileage manual transmission petrol engine fuel efficient spacious family car,660000
BMW 3,BMW,3,10,98955,Dealer,Diesel,Automatic,13.2,1995,170.0,5,BMW 3 used car experienced vehicle high usage automatic transmission diesel engine comfortable car,575000
Toyota Innova,Toyota,Innova,8,52000,Dealer,Diesel,Manual,12.99,2494,100.0,7,Toyota Innova used car experienced vehicle moderate usage manual transmission diesel engine spacious family car,625000
Hyundai Creta,Hyundai,Creta,3,39000,Dealer,Petrol,Automatic,13.0,1591,121.3,5,Hyundai Creta used car well maintained low age moderate usage automatic transmission petrol engine comfortable car,1250000
Mahindra KUV,Mahindra,KUV,5,78000,Dealer,Diesel,Manual,25.32,1198,77.0,6,Mahindra KUV used car good condition moderate usage manual transmission diesel engine fuel efficient comfortable car,425000
Datsun GO,Datsun,GO,5,58000,Individual,Petrol,Manual,19.44,1198,67.0,7,Datsun GO used car good condition moderate usage manual transmission petrol engine good mileage spacious family car,460000
Audi A4,Audi,A4,3,34500,Individual,Diesel,Automatic,18.25,1968,187.74,5,Audi A4 used car well maintained low age moderate usage automatic transmission diesel engine good mileage comfortable car,3000000
Volkswagen Polo,Volkswagen,Polo,11,60000,Individual,Petrol,Manual,16.47,1198,73.9,5,Volkswagen Polo used car experienced vehicle moderate usage manual transmission petrol engine good mileage comfortable car,200000
Maruti Alto,Maruti,Alto,8,76000,Dealer,Petrol,Manual,20.92,998,67.1,5,Maruti Alto used car experienced vehicle moderate usage manual transmission petrol engine fuel efficient comfortable car,211000
Maruti Ertiga,Maruti,Ertiga,6,51000,Individual,Diesel,Manual,20.77,1248,88.76,7,Maruti Ertiga used car good condition moderate usage manual transmission diesel engine fuel efficient spacious family car,600000
BMW 3,BMW,3,7,23746,Dealer,Diesel,Automatic,22.69,1995,190.0,5,BMW 3 used car experienced vehicle low mileage automatic transmission diesel engine fuel efficient comfortable car,1600000
Maruti Alto,Maruti,Alto,10,55780,Dealer,Petrol,Manual,20.92,998,67.1,5,Maruti Alto used car experienced vehicle moderate usage manual transmission petrol engine fuel efficient comfortable car,220000
Mahindra Scorpio,Mahindra,Scorpio,4,100000,Individual,Diesel,Manual,15.4,1997,120.0,7,Mahindra Scorpio used car good condition high usage manual transmission diesel engine good mileage spacious family car,880000
Hyundai i10,Hyundai,i10,9,73000,Dealer,Petrol,Manual,19.81,1086,68.05,5,Hyundai i10 used car experienced vehicle moderate usage manual transmission petrol engine good mileage comfortable car,240000
Mahindra Scorpio,Mahindra,Scorpio,4,20000,Individual,Diesel,Manual,15.4,2523,75.0,7,Mahindra Scorpio used car good condition low mileage manual transmission diesel engine good mileage spacious family car,800000
Tata Tiago,Tata,Tiago,4,42000,Dealer,Diesel,Manual,27.28,1047,69.0,5,Tata Tiago used car good condition moderate usage manual transmission diesel engine fuel efficient comfortable car,435000
Maruti Alto,Maruti,Alto,14,52235,Dealer,Petrol,Manual,19.7,796,46.3,5,Maruti Alto used car experienced vehicle moderate usage manual transmission petrol engine good mileage comfortable car,110000
Renault Duster,Renault,Duster,7,56000,Dealer,Diesel,Manual,20.45,1461,83.8,5,Renault Duster used car experienced vehicle moderate usage manual transmission diesel engine fuel efficient comfortable car,450000
Maruti Alto,Maruti,Alto,9,37000,Dealer,Petrol,Manual,20.92,998,67.1,5,Maruti Alto used car experienced vehicle moderate usage manual transmission petrol engine fuel efficient comfortable car,250000
Maruti Swift Dzire,Maruti,Swift Dzire,8,70000,Individual,Diesel,Manual,23.4,1248,74.0,5,Maruti Swift Dzire used car experienced vehicle moderate usage manual transmission diesel engine fuel efficient comfortable car,385000
Maruti Swift Dzire,Maruti,Swift Dzire,8,138000,Individual,Diesel,Manual,23.4,1248,74.0,5,Maruti Swift Dzire used car experienced vehicle high usage manual transmission diesel engine fuel efficient comfortable car,400000
Maruti Eeco,Maruti,Eeco,3,22000,Individual,CNG,Manual,21.94,1196,61.7,5,Maruti Eeco used car well maintained low age low mileage manual transmission cng engine fuel efficient comfortable car,480000
Honda Amaze,Honda,Amaze,6,41604,Trustmark Dealer,Petrol,Manual,18.0,1198,86.7,5,Honda Amaze used car good condition moderate usage manual transmission petrol engine good mileage comfortable car,400000
Maruti Ciaz,Maruti,Ciaz,4,70000,Dealer,Diesel,Manual,26.32,1498,93.87,5,Maruti Ciaz used car good condition moderate usage manual transmission diesel engine fuel efficient comfortable car,650000
Jaguar XF,Jaguar,XF,8,30150,Dealer,Diesel,Automatic,16.36,2179,187.7,5,Jaguar XF used car experienced vehicle moderate usage automatic transmission diesel engine good mileage comfortable car,2011000
Ford Ecosport,Ford,Ecosport,4,39884,Dealer,Diesel,Manual,23.0,1498,98.96,5,Ford Ecosport used car good condition moderate usage manual transmission diesel engine fuel efficient comfortable car,880000
Datsun RediGO,Datsun,RediGO,4,40000,Dealer,Petrol,Manual,22.5,999,67.0,5,Datsun RediGO used car good condition moderate usage manual transmission petrol engine fuel efficient comfortable car,295000
Mahindra Thar,Mahindra,Thar,6,27000,Individual,Diesel,Manual,16.55,2498,105.0,6,Mahindra Thar used car good condition low mileage manual transmission diesel engine good mileage comfortable car,800000
Hyundai i10,Hyundai,i10,12,67000,Dealer,Petrol,Manual,19.81,1086,68.05,5,Hyundai i10 used car experienced vehicle moderate usage manual transmission petrol engine good mileage comfortable car,150000
Honda Amaze,Honda,Amaze,3,25000,Individual,Petrol,Automatic,18.1,1199,88.7,5,Honda Amaze used car well maintained low age low mileage automatic transmission petrol engine good mileage comfortable car,550000
Toyota Fortuner,Toyota,Fortuner,7,50000,Individual,Diesel,Manual,13.0,2982,168.5,7,Toyota Fortuner used car experienced vehicle moderate usage manual transmission diesel engine spacious family car,2000000
Honda Amaze,Honda,Amaze,8,75000,Dealer,Diesel,Manual,25.8,1498,98.6,5,Honda Amaze used car experienced vehicle moderate usage manual transmission diesel engine fuel efficient comfortable car,325000
Mahindra Scorpio,Mahindra,Scorpio,7,80000,Individual,Diesel,Manual,12.05,2179,120.0,8,Mahindra Scorpio used car experienced vehicle high usage manual transmission diesel engine spacious family car,555000
Ford Ecosport,Ford,Ecosport,6,58000,Dealer,Diesel,Manual,23.0,1498,98.96,5,Ford Ecosport used car good condition moderate usage manual transmission diesel engine fuel efficient comfortable car,570000
Renault KWID,Renault,KWID,3,22000,Individual,Petrol,Manual,23.01,999,67.0,5,Renault KWID used car well maintained low age low mileage manual transmission petrol engine fuel efficient comfortable car,306000
Maruti Celerio,Maruti,Celerio,5,62000,Dealer,Petrol,Automatic,23.1,998,67.04,5,Maruti Celerio used car good condition moderate usage automatic transmission petrol engine fuel efficient comfortable car,415000
Toyota Fortuner,Toyota,Fortuner,3,28000,Dealer,Diesel,Automatic,12.9,2755,174.5,7,Toyota Fortuner used car well maintained low age low mileage automatic transmission diesel engine spacious family car,3200000
Maruti Swift,Maruti,Swift,9,41000,Dealer,Petrol,Manual,18.6,1197,85.8,5,Maruti Swift used car experienced vehicle moderate usage manual transmission petrol engine good mileage comfortable car,300000
Maruti Ertiga,Maruti,Ertiga,9,65000,Dealer,Diesel,Manual,20.77,1248,88.76,7,Maruti Ertiga used car experienced vehicle moderate usage manual transmission diesel engine fuel efficient spacious family car,430000
Maruti Alto,Maruti,Alto,5,10000,Individual,Petrol,Manual,23.95,998,67.05,5,Maruti Alto used car good condition low mileage manual transmission petrol engine fuel efficient comfortable car,315000
Honda City,Honda,City,7,55000,Dealer,Diesel,Manual,26.0,1498,98.6,5,Honda City used car experienced vehicle moderate usage manual transmission diesel engine fuel efficient comfortable car,549000
Maruti Swift Dzire,Maruti,Swift Dzire,5,47000,Dealer,Petrol,Manual,22.0,1197,81.8,5,Maruti Swift Dzire used car good condition moderate usage manual transmission petrol engine fuel efficient comfortable car,475000
Honda City,Honda,City,7,144000,Individual,Diesel,Manual,26.0,1498,98.6,5,Honda City used car experienced vehicle high usage manual transmission diesel engine fuel efficient comfortable car,410000
Maruti Ciaz,Maruti,Ciaz,5,20500,Dealer,Petrol,Automatic,19.12,1373,91.1,5,Maruti Ciaz used car good condition low mileage automatic transmission petrol engine good mileage comfortable car,795000
Hyundai i20,Hyundai,i20,5,30000,Individual,Diesel,Manual,22.54,1396,88.73,5,Hyundai i20 used car good condition moderate usage manual transmission diesel engine fuel efficient comfortable car,820000
Mahindra Scorpio,Mahindra,Scorpio,9,32208,Dealer,Diesel,Manual,14.0,2523,75.0,8,Mahindra Scorpio used car experienced vehicle moderate usage manual transmission diesel engine spacious family car,625000
Datsun GO,Datsun,GO,3,68000,Individual,Petrol,Manual,19.83,1198,67.0,5,Datsun GO used car well maintained low age moderate usage manual transmission petrol engine good mileage comfortable car,370000
Maruti Swift,Maruti,Swift,7,90000,Individual,Diesel,Manual,25.2,1248,74.0,5,Maruti Swift used car experienced vehicle high usage manual transmission diesel engine fuel efficient comfortable car,350000
Lexus ES,Lexus,ES,4,34000,Dealer,Petrol,Automatic,22.37,2487,214.56,5,Lexus ES used car good condition moderate usage automatic transmission petrol engine fuel efficient comfortable car,4100000
Maruti Swift,Maruti,Swift,2,14499,Trustmark Dealer,Petrol,Manual,22.0,1197,81.8,5,Maruti Swift used car well maintained low age low mileage manual transmission petrol engine fuel efficient comfortable car,535000
Hyundai Venue,Hyundai,Venue,2,34000,Dealer,Petrol,Automatic,18.15,998,118.35,5,Hyundai Venue used car well maintained low age moderate usage automatic transmission petrol engine good mileage comfortable car,1050000
Tata Tiago,Tata,Tiago,5,17500,Individual,Diesel,Manual,27.28,1047,69.0,5,Tata Tiago used car good condition low mileage manual transmission diesel engine fuel efficient comfortable car,400000
Maruti Eeco,Maruti,Eeco,6,39900,Dealer,CNG,Manual,15.1,1196,73.0,5,Maruti Eeco used car good condition moderate usage manual transmission cng engine good mileage comfortable car,275000
Maruti Alto,Maruti,Alto,16,120000,Individual,Petrol,Manual,19.7,796,46.3,5,Maruti Alto used car experienced vehicle high usage manual transmission petrol engine good mileage comfortable car,95000
Jeep Wrangler,Jeep,Wrangler,4,40000,Dealer,Petrol,Automatic,9.5,3604,280.0,5,Jeep Wrangler used car good condition moderate usage automatic transmission petrol engine comfortable car,4875000
Maruti Swift Dzire,Maruti,Swift Dzire,8,90000,Individual,Diesel,Manual,23.4,1248,74.0,5,Maruti Swift Dzire used car experienced vehicle high usage manual transmission diesel engine fuel efficient comfortable car,400000
Maruti Alto,Maruti,Alto,16,40000,Individual,Petrol,Manual,19.7,796,46.3,5,Maruti Alto used car experienced vehicle moderate usage manual transmission petrol engine good mileage comfortable car,121000
Maruti Swift Dzire,Maruti,Swift Dzire,7,40000,Individual,Petrol,Manual,19.1,1197,85.8,5,Maruti Swift Dzire used car experienced vehicle moderate usage manual transmission petrol engine good mileage comfortable car,550000
Hyundai Grand,Hyundai,Grand,3,10000,Individual,Petrol,Manual,18.9,1197,81.86,5,Hyundai Grand used car well maintained low age low mileage manual transmission petrol engine good mileage comfortable car,510000
Maruti Baleno,Maruti,Baleno,3,10000,Individual,Petrol,Automatic,21.4,1197,83.1,5,Maruti Baleno used car well maintained low age low mileage automatic transmission petrol engine fuel efficient comfortable car,800000
Maruti Swift,Maruti,Swift,2,30000,Individual,Petrol,Manual,21.21,1197,81.8,5,Maruti Swift used car well maintained low age moderate usage manual transmission petrol engine fuel efficient comfortable car,592000
Honda Amaze,Honda,Amaze,2,4717,Dealer,Petrol,Automatic,19.0,1199,88.76,5,Honda Amaze used car well maintained low age low mileage automatic transmission petrol engine good mileage comfortable car,785000
Maruti Ciaz,Maruti,Ciaz,5,30000,Individual,Petrol,Manual,20.73,1373,91.1,5,Maruti Ciaz used car good condition moderate usage manual transmission petrol engine fuel efficient comfortable car,625000
Ford Ecosport,Ford,Ecosport,7,150000,Individual,Diesel,Manual,22.7,1498,89.84,5,Ford Ecosport used car experienced vehicle high usage manual transmission diesel engine fuel efficient comfortable car,470000
Maruti Swift,Maruti,Swift,4,90000,Individual,Diesel,Manual,28.4,1248,74.0,5,Maruti Swift used car good condition high usage manual transmission diesel engine fuel efficient comfortable car,620000
Honda City,Honda,City,7,100000,Individual,Diesel,Manual,26.0,1498,98.6,5,Honda City used car experienced vehicle high usage manual transmission diesel engine fuel efficient comfortable car,570000
Toyota Innova,Toyota,Innova,2,46000,Dealer,Diesel,Automatic,11.36,2755,171.5,7,Toyota Innova used car well maintained low age moderate usage automatic transmission diesel engine spacious family car,1811000
Toyota Camry,Toyota,Camry,5,32000,Individual,Petrol,Automatic,19.16,2487,214.5,5,Toyota Camry used car good condition moderate usage automatic transmission petrol engine good mileage comfortable car,2300000
Hyundai Creta,Hyundai,Creta,3,71000,Individual,Diesel,Manual,19.67,1582,126.2,5,Hyundai Creta used car well maintained low age moderate usage manual transmission diesel engine good mileage comfortable car,1100000
Ford Ecosport,Ford,Ecosport,6,61000,Dealer,Petrol,Manual,15.8,1499,110.0,5,Ford Ecosport used car good condition moderate usage manual transmission petrol engine good mileage comfortable car,525000
Honda Jazz,Honda,Jazz,9,58000,Dealer,Petrol,Manual,16.7,1198,88.8,5,Honda Jazz used car experienced vehicle moderate usage manual transmission petrol engine good mileage comfortable car,320000
Honda Jazz,Honda,Jazz,5,23000,Dealer,Diesel,Manual,27.3,1498,98.6,5,Honda Jazz used car good condition low mileage manual transmission diesel engine fuel efficient comfortable car,525000
Maruti Alto,Maruti,Alto,6,20000,Individual,Petrol,Manual,23.95,998,67.05,5,Maruti Alto used car good condition low mileage manual transmission petrol engine fuel efficient comfortable car,275000
Hyundai Elantra,Hyundai,Elantra,8,56000,Dealer,Diesel,Automatic,19.5,1582,126.24,5,Hyundai Elantra used car experienced vehicle moderate usage automatic transmission diesel engine good mileage comfortable car,590000
Maruti Baleno,Maruti,Baleno,5,33000,Dealer,Diesel,Manual,27.39,1248,74.0,5,Maruti Baleno used car good condition moderate usage manual transmission diesel engine fuel efficient comfortable car,510000
Mahindra XUV500,Mahindra,XUV500,9,100000,Dealer,Diesel,Manual,15.1,2179,140.0,7,Mahindra XUV500 used car experienced vehicle high usage manual transmission diesel engine good mileage spacious family car,585000
Hyundai Santro,Hyundai,Santro,10,174926,Individual,Petrol,Manual,17.92,1086,62.1,5,Hyundai Santro used car experienced vehicle high usage manual transmission petrol engine good mileage comfortable car,150000
Maruti Swift Dzire,Maruti,Swift Dzire,7,60000,Individual,Diesel,Manual,23.4,1248,74.0,5,Maruti Swift Dzire used car experienced vehicle moderate usage manual transmission diesel engine fuel efficient comfortable car,400000
Honda City,Honda,City,5,70333,Dealer,Petrol,Manual,17.8,1497,117.3,5,Honda City used car good condition moderate usage manual transmission petrol engine good mileage comfortable car,700000
Hyundai i20,Hyundai,i20,4,90000,Individual,Petrol,Manual,18.6,1197,81.83,5,Hyundai i20 used car good condition high usage manual transmission petrol engine good mileage comfortable car,500000
Toyota Innova,Toyota,Innova,9,25000,Individual,Diesel,Manual,12.99,2494,100.0,8,Toyota Innova used car experienced vehicle low mileage manual transmission diesel engine spacious family car,1050000
Maruti Swift Dzire,Maruti,Swift Dzire,5,120000,Individual,Diesel,Manual,26.59,1248,74.0,5,Maruti Swift Dzire used car good condition high usage manual transmission diesel engine fuel efficient comfortable car,568000
Toyota Yaris,Toyota,Yaris,2,5000,Individual,Petrol,Automatic,17.8,1496,105.5,5,Toyota Yaris used car well maintained low age low mileage automatic transmission petrol engine good mileage comfortable car,1000000
Mahindra Scorpio,Mahindra,Scorpio,3,39000,Dealer,Diesel,Manual,16.36,2179,140.0,7,Mahindra Scorpio used car well maintained low age moderate usage manual transmission diesel engine good mileage spacious family car,1275000
Hyundai i20,Hyundai,i20,6,25000,Individual,Petrol,Manual,18.6,1197,81.83,5,Hyundai i20 used car good condition low mileage manual transmission petrol engine good mileage comfortable car,475000
Skoda Superb,Skoda,Superb,10,92000,Individual,Petrol,Manual,13.14,1798,157.8,5,Skoda Superb used car experienced vehicle high usage manual transmission petrol engine comfortable car,350000
Volkswagen Polo,Volkswagen,Polo,7,51000,Dealer,Diesel,Manual,20.14,1498,88.8,5,Volkswagen Polo used car experienced vehicle moderate usage manual transmission diesel engine fuel efficient comfortable car,395000
BMW 3,BMW,3,9,54000,Dealer,Diesel,Automatic,19.62,1995,187.74,5,BMW 3 used car experienced vehicle moderate usage automatic transmission diesel engine good mileage comfortable car,825000
Tata Tiago,Tata,Tiago,4,35000,Individual,Diesel,Manual,27.28,1047,69.0,5,Tata Tiago used car good condition moderate usage manual transmission diesel engine fuel efficient comfortable car,450000
Maruti Celerio,Maruti,Celerio,3,24000,Dealer,Petrol,Manual,21.63,998,67.04,5,Maruti Celerio used car well maintained low age low mileage manual transmission petrol engine fuel efficient comfortable car,495000
Renault Duster,Renault,Duster,8,70000,Individual,Diesel,Manual,19.01,1461,108.45,5,Renault Duster used car experienced vehicle moderate usage manual transmission diesel engine good mileage comfortable car,500000
Mahindra Scorpio,Mahindra,Scorpio,6,140000,Individual,Diesel,Manual,15.4,2179,120.0,7,Mahindra Scorpio used car good condition high usage manual transmission diesel engine good mileage spacious family car,900000
Toyota Innova,Toyota,Innova,8,387000,Individual,Diesel,Manual,12.99,2494,100.6,8,Toyota Innova used car experienced vehicle high usage manual transmission diesel engine spacious family car,700000
Maruti Vitara,Maruti,Vitara,4,36000,Dealer,Diesel,Manual,24.3,1248,88.5,5,Maruti Vitara used car good condition moderate usage manual transmission diesel engine fuel efficient comfortable car,710000
Tata Tiago,Tata,Tiago,3,110000,Individual,Petrol,Manual,23.84,1199,84.0,5,Tata Tiago used car well maintained low age high usage manual transmission petrol engine fuel efficient comfortable car,400000
Tata Tiago,Tata,Tiago,4,1000,Individual,Petrol,Manual,23.84,1199,84.0,5,Tata Tiago used car good condition low mileage manual transmission petrol engine fuel efficient comfortable car,470000
Maruti Vitara,Maruti,Vitara,3,24525,Dealer,Diesel,Manual,24.3,1248,88.5,5,Maruti Vitara used car well maintained low age low mileage manual transmission diesel engine fuel efficient comfortable car,795000
Honda City,Honda,City,4,32440,Individual,Petrol,Manual,17.4,1497,117.6,5,Honda City used car good condition moderate usage manual transmission petrol engine good mileage comfortable car,785000
Hyundai i10,Hyundai,i10,10,70000,Individual,Petrol,Manual,19.81,1086,68.05,5,Hyundai i10 used car experienced vehicle moderate usage manual transmission petrol engine good mileage comfortable car,250000
Datsun RediGO,Datsun,RediGO,3,30000,Individual,Petrol,Manual,22.5,999,67.0,5,Datsun RediGO used car well maintained low age moderate usage manual transmission petrol engine fuel efficient comfortable car,270000
Volkswagen Vento,Volkswagen,Vento,3,23268,Individual,Diesel,Manual,22.27,1498,108.6,5,Volkswagen Vento used car well maintained low age low mileage manual transmission diesel engine fuel efficient comfortable car,914000
Maruti Wagon R,Maruti,Wagon R,8,67000,Dealer,CNG,Manual,32.52,998,58.33,5,Maruti Wagon R used car experienced vehicle moderate usage manual transmission cng engine fuel efficient comfortable car,260000
Renault Duster,Renault,Duster,6,150000,Individual,Diesel,Manual,20.45,1461,83.8,5,Renault Duster used car good condition high usage manual transmission diesel engine fuel efficient comfortable car,550000
Toyota Innova,Toyota,Innova,2,25000,Dealer,Diesel,Automatic,11.36,2755,171.5,7,Toyota Innova used car well maintained low age low mileage automatic transmission diesel engine spacious family car,2225000
Maruti Swift,Maruti,Swift,3,50000,Individual,Petrol,Manual,21.21,1197,81.8,5,Maruti Swift used car well maintained low age moderate usage manual transmission petrol engine fuel efficient comfortable car,540000
Mahindra Thar,Mahindra,Thar,5,40000,Individual,Diesel,Manual,16.55,2498,105.0,6,Mahindra Thar used car good condition moderate usage manual transmission diesel engine good mileage comfortable car,620000
Audi A4,Audi,A4,7,56000,Dealer,Diesel,Automatic,16.55,1968,147.51,5,Audi A4 used car experienced vehicle moderate usage automatic transmission diesel engine good mileage comfortable car,1550000
Honda City,Honda,City,10,60000,Dealer,Petrol,Manual,17.0,1497,118.0,5,Honda City used car experienced vehicle moderate usage manual transmission petrol engine good mileage comfortable car,350000
Maruti Alto,Maruti,Alto,5,10000,Individual,Petrol,Manual,23.95,998,67.05,5,Maruti Alto used car good condition low mileage manual transmission petrol engine fuel efficient comfortable car,300000
Honda City,Honda,City,7,110000,Individual,Diesel,Manual,25.1,1498,98.6,5,Honda City used car experienced vehicle high usage manual transmission diesel engine fuel efficient comfortable car,550000
Mahindra Scorpio,Mahindra,Scorpio,2,30000,Individual,Diesel,Manual,16.36,2179,140.0,7,Mahindra Scorpio used car well maintained low age moderate usage manual transmission diesel engine good mileage spacious family car,1270000
Maruti Ertiga,Maruti,Ertiga,2,20000,Individual,Petrol,Manual,19.34,1462,103.0,7,Maruti Ertiga used car well maintained low age low mileage manual transmission petrol engine good mileage spacious family car,740000
Mercedes-Benz GL-Class,Mercedes-Benz,GL-Class,7,89000,Dealer,Diesel,Automatic,11.3,2987,254.8,7,Mercedes-Benz GL-Class used car experienced vehicle high usage automatic transmission diesel engine spacious family car,3450000
Tata Tiago,Tata,Tiago,3,15000,Individual,Petrol,Manual,23.84,1199,84.0,5,Tata Tiago used car well maintained low age low mileage manual transmission petrol engine fuel efficient comfortable car,450000
Hyundai Verna,Hyundai,Verna,4,15000,Individual,Petrol,Automatic,15.74,1591,121.3,5,Hyundai Verna used car good condition low mileage automatic transmission petrol engine good mileage comfortable car,750000
Maruti Swift,Maruti,Swift,6,90000,Individual,Diesel,Manual,25.2,1248,74.0,5,Maruti Swift used car good condition high usage manual transmission diesel engine fuel efficient comfortable car,520000
Maruti Swift,Maruti,Swift,8,73695,Trustmark Dealer,Petrol,Manual,18.6,1197,85.8,5,Maruti Swift used car experienced vehicle moderate usage manual transmission petrol engine good mileage comfortable car,345000
Hyundai i10,Hyundai,i10,12,100000,Individual,Petrol,Manual,19.81,1086,68.05,5,Hyundai i10 used car experienced vehicle high usage manual transmission petrol engine good mileage comfortable car,215000
Hyundai Verna,Hyundai,Verna,11,10000,Individual,Petrol,Manual,16.2,1599,103.2,5,Hyundai Verna used car experienced vehicle low mileage manual transmission petrol engine good mileage comfortable car,370000
Maruti Alto,Maruti,Alto,7,14971,Trustmark Dealer,Petrol,Manual,22.74,796,47.3,5,Maruti Alto used car experienced vehicle low mileage manual transmission petrol engine fuel efficient comfortable car,230000
Honda City,Honda,City,2,16000,Dealer,Petrol,Manual,17.4,1497,117.6,5,Honda City used car well maintained low age low mileage manual transmission petrol engine good mileage comfortable car,1075000
Mahindra Bolero,Mahindra,Bolero,6,50000,Individual,Diesel,Manual,15.96,2523,62.1,7,Mahindra Bolero used car good condition moderate usage manual transmission diesel engine good mileage spacious family car,550000
Ford Figo,Ford,Figo,3,64000,Dealer,Diesel,Manual,24.4,1499,98.96,5,Ford Figo used car well maintained low age moderate usage manual transmission diesel engine fuel efficient comfortable car,550000
Tata Tigor,Tata,Tigor,4,25000,Individual,Diesel,Manual,24.7,1047,69.0,5,Tata Tigor used car good condition low mileage manual transmission diesel engine fuel efficient comfortable car,600000
Maruti Ciaz,Maruti,Ciaz,6,37006,Dealer,Diesel,Manual,26.21,1248,88.5,5,Maruti Ciaz used car good condition moderate usage manual transmission diesel engine fuel efficient comfortable car,525000
Maruti Wagon R,Maruti,Wagon R,7,50000,Individual,Petrol,Manual,20.51,998,67.04,5,Maruti Wagon R used car experienced vehicle moderate usage manual transmission petrol engine fuel efficient comfortable car,350000
Maruti Swift Dzire,Maruti,Swift Dzire,12,94000,Dealer,Diesel,Manual,19.3,1248,73.9,5,Maruti Swift Dzire used car experienced vehicle high usage manual transmission diesel engine good mileage comfortable car,255000
Mahindra Scorpio,Mahindra,Scorpio,6,93469,Dealer,Diesel,Manual,15.4,2179,120.0,7,Mahindra Scorpio used car good condition high usage manual transmission diesel engine good mileage spacious family car,890000
Mahindra XUV500,Mahindra,XUV500,3,20000,Individual,Diesel,Manual,16.0,2179,140.0,7,Mahindra XUV500 used car well maintained low age low mileage manual transmission diesel engine good mileage spacious family car,1500000
Mercedes-Benz E-Class,Mercedes-Benz,E-Class,5,20000,Individual,Diesel,Automatic,15.0,2143,204.0,5,Mercedes-Benz E-Class used car good condition low mileage automatic transmission diesel engine good mileage comfortable car,3000000
Mahindra Bolero,Mahindra,Bolero,8,35000,Individual,Diesel,Manual,15.96,2523,62.1,7,Mahindra Bolero used car experienced vehicle moderate usage manual transmission diesel engine good mileage spacious family car,500000
Maruti Wagon R,Maruti,Wagon R,6,38546,Dealer,Petrol,Manual,20.51,998,67.04,5,Maruti Wagon R used car good condition moderate usage manual transmission petrol engine fuel efficient comfortable car,330000
Skoda Rapid,Skoda,Rapid,4,18000,Individual,Petrol,Automatic,14.84,1598,103.2,5,Skoda Rapid used car good condition low mileage automatic transmission petrol engine comfortable car,850000
Ford Figo,Ford,Figo,6,34500,Dealer,Petrol,Manual,15.6,1196,70.0,5,Ford Figo used car good condition moderate usage manual transmission petrol engine good mileage comfortable car,335000
Maruti Swift Dzire,Maruti,Swift Dzire,3,43000,Dealer,Petrol,Automatic,21.21,1197,81.8,5,Maruti Swift Dzire used car well maintained low age moderate usage automatic transmission petrol engine fuel efficient comfortable car,610000
Maruti Baleno,Maruti,Baleno,3,20000,Individual,Petrol,Automatic,21.4,1197,83.1,5,Maruti Baleno used car well maintained low age low mileage automatic transmission petrol engine fuel efficient comfortable car,834000
Ford Figo,Ford,Figo,10,100000,Individual,Diesel,Manual,20.0,1399,68.0,5,Ford Figo used car experienced vehicle high usage manual transmission diesel engine fuel efficient comfortable car,170000
Maruti Vitara,Maruti,Vitara,3,40000,Individual,Diesel,Manual,24.3,1248,88.5,5,Maruti Vitara used car well maintained low age moderate usage manual transmission diesel engine fuel efficient comfortable car,900000
Honda City,Honda,City,7,120000,Individual,Diesel,Manual,26.0,1498,98.6,5,Honda City used car experienced vehicle high usage manual transmission diesel engine fuel efficient comfortable car,450000
Maruti Ertiga,Maruti,Ertiga,2,25000,Individual,Petrol,Automatic,18.69,1462,103.0,7,Maruti Ertiga used car well maintained low age low mileage automatic transmission petrol engine good mileage spacious family car,900000
Volkswagen Vento,Volkswagen,Vento,10,98000,Individual,Petrol,Manual,15.04,1598,103.6,5,Volkswagen Vento used car experienced vehicle high usage manual transmission petrol engine good mileage comfortable car,360000
Honda Jazz,Honda,Jazz,5,66000,Dealer,Petrol,Manual,16.0,1198,90.0,5,Honda Jazz used car good condition moderate usage manual transmission petrol engine good mileage comfortable car,530000
BMW X1,BMW,X1,4,30000,Individual,Diesel,Automatic,20.68,1995,188.0,5,BMW X1 used car good condition moderate usage automatic transmission diesel engine fuel efficient comfortable car,2700000
Mahindra Bolero,Mahindra,Bolero,6,60000,Individual,Diesel,Manual,15.96,2523,62.1,7,Mahindra Bolero used car good condition moderate usage manual transmission diesel engine good mileage spacious family car,551000
Mercedes-Benz C-Class,Mercedes-Benz,C-Class,9,41315,Dealer,Petrol,Automatic,11.74,1796,186.0,5,Mercedes-Benz C-Class used car experienced vehicle moderate usage automatic transmission petrol engine comfortable car,1050000
Hyundai Creta,Hyundai,Creta,3,60000,Individual,Diesel,Manual,19.67,1582,126.2,5,Hyundai Creta used car well maintained low age moderate usage manual transmission diesel engine good mileage comfortable car,1000000
Maruti Alto,Maruti,Alto,17,80000,Individual,Petrol,Manual,19.7,796,46.3,5,Maruti Alto used car experienced vehicle high usage manual transmission petrol engine good mileage comfortable car,80000
Maruti Eeco,Maruti,Eeco,6,60000,Individual,CNG,Manual,20.0,1196,63.0,5,Maruti Eeco used car good condition moderate usage manual transmission cng engine fuel efficient comfortable car,250000
Maruti Wagon R,Maruti,Wagon R,5,35000,Dealer,Petrol,Manual,21.5,1197,81.8,5,Maruti Wagon R used car good condition moderate usage manual transmission petrol engine fuel efficient comfortable car,390000
Audi Q7,Audi,Q7,7,120000,Individual,Diesel,Automatic,12.07,2967,241.4,7,Audi Q7 used car experienced vehicle high usage automatic transmission diesel engine spacious family car,2400000
Hyundai Verna,Hyundai,Verna,13,80000,Individual,Petrol,Manual,13.9,1599,103.2,5,Hyundai Verna used car experienced vehicle high usage manual transmission petrol engine comfortable car,130000
Maruti Swift Dzire,Maruti,Swift Dzire,4,100000,Individual,Diesel,Manual,26.59,1248,74.0,5,Maruti Swift Dzire used car good condition high usage manual transmission diesel engine fuel efficient comfortable car,450000
Mercedes-Benz C-Class,Mercedes-Benz,C-Class,8,35400,Dealer,Diesel,Automatic,14.84,2143,167.62,5,Mercedes-Benz C-Class used car experienced vehicle moderate usage automatic transmission diesel engine comfortable car,1385000
BMW 7,BMW,7,4,18000,Dealer,Diesel,Automatic,17.66,2993,355.37,4,BMW 7 used car good condition low mileage automatic transmission diesel engine good mileage comfortable car,6900000
Maruti Swift,Maruti,Swift,5,37000,Dealer,Petrol,Manual,18.6,1197,85.8,5,Maruti Swift used car good condition moderate usage manual transmission petrol engine good mileage comfortable car,495000
Honda WR-V,Honda,WR-V,4,10000,Individual,Petrol,Manual,17.5,1199,88.7,5,Honda WR-V used car good condition low mileage manual transmission petrol engine good mileage comfortable car,800000
Renault KWID,Renault,KWID,4,40000,Individual,Petrol,Manual,23.01,999,67.0,5,Renault KWID used car good condition moderate usage manual transmission petrol engine fuel efficient comfortable car,260000
Maruti Alto,Maruti,Alto,18,120000,Individual,Petrol,Manual,19.7,796,46.3,5,Maruti Alto used car experienced vehicle high usage manual transmission petrol engine good mileage comfortable car,65000
Hyundai Grand,Hyundai,Grand,5,60000,Individual,Petrol,Manual,18.9,1197,82.0,5,Hyundai Grand used car good condition moderate usage manual transmission petrol engine good mileage comfortable car,460000
Hyundai i20,Hyundai,i20,7,100000,Individual,Diesel,Manual,21.9,1396,88.76,5,Hyundai i20 used car experienced vehicle high usage manual transmission diesel engine fuel efficient comfortable car,450000
Maruti Wagon R,Maruti,Wagon R,14,55000,Dealer,Petrol,Manual,18.9,1061,67.0,5,Maruti Wagon R used car experienced vehicle moderate usage manual transmission petrol engine good mileage comfortable car,105000
Honda CR-V,Honda,CR-V,4,34000,Dealer,Petrol,Automatic,12.0,2354,187.4,5,Honda CR-V used car good condition moderate usage automatic transmission petrol engine comfortable car,1775000
Ford Ecosport,Ford,Ecosport,5,67000,Dealer,Diesel,Manual,22.77,1498,98.59,5,Ford Ecosport used car good condition moderate usage manual transmission diesel engine fuel efficient comfortable car,525000
Renault KWID,Renault,KWID,4,10000,Individual,Petrol,Automatic,24.04,999,67.0,5,Renault KWID used car good condition low mileage automatic transmission petrol engine fuel efficient comfortable car,341000
Hyundai Creta,Hyundai,Creta,5,20699,Dealer,Petrol,Manual,15.29,1591,121.3,5,Hyundai Creta used car good condition low mileage manual transmission petrol engine good mileage comfortable car,775000
Toyota Fortuner,Toyota,Fortuner,10,75000,Dealer,Diesel,Manual,11.5,2982,171.0,7,Toyota Fortuner used car experienced vehicle moderate usage manual transmission diesel engine spacious family car,1099000
Honda Amaze,Honda,Amaze,7,89000,Individual,Diesel,Manual,25.8,1498,98.6,5,Honda Amaze used car experienced vehicle high usage manual transmission diesel engine fuel efficient comfortable car,320000
Skoda Rapid,Skoda,Rapid,4,59000,Dealer,Petrol,Automatic,14.3,1598,103.6,5,Skoda Rapid used car good condition moderate usage automatic transmission petrol engine comfortable car,599000
Mahindra Scorpio,Mahindra,Scorpio,7,120000,Individual,Diesel,Manual,15.4,2523,75.0,9,Mahindra Scorpio used car experienced vehicle high usage manual transmission diesel engine good mileage spacious family car,750000
Maruti Swift,Maruti,Swift,4,68791,Dealer,Diesel,Manual,25.2,1248,74.0,5,Maruti Swift used car good condition moderate usage manual transmission diesel engine fuel efficient comfortable car,510000
Maruti Alto,Maruti,Alto,2,10300,Individual,Petrol,Manual,24.7,796,47.3,5,Maruti Alto used car well maintained low age low mileage manual transmission petrol engine fuel efficient comfortable car,300000
Maruti Ertiga,Maruti,Ertiga,2,25000,Individual,Diesel,Manual,25.47,1248,88.5,7,Maruti Ertiga used car well maintained low age low mileage manual transmission diesel engine fuel efficient spacious family car,1100000
Maruti Swift Dzire,Maruti,Swift Dzire,7,36000,Dealer,Petrol,Manual,17.5,1197,85.8,5,Maruti Swift Dzire used car experienced vehicle moderate usage manual transmission petrol engine good mileage comfortable car,435000
Honda Jazz,Honda,Jazz,10,60000,Individual,Petrol,Manual,16.0,1198,90.0,5,Honda Jazz used car experienced vehicle moderate usage manual transmission petrol engine good mileage comfortable car,320000
Maruti Alto,Maruti,Alto,5,25000,Individual,Petrol,Manual,23.95,998,67.05,5,Maruti Alto used car good condition low mileage manual transmission petrol engine fuel efficient comfortable car,350000
Mercedes-Benz E-Class,Mercedes-Benz,E-Class,4,48000,Dealer,Diesel,Automatic,16.1,1950,191.7,5,Mercedes-Benz E-Class used car good condition moderate usage automatic transmission diesel engine good mileage comfortable car,3750000
Honda CR-V,Honda,CR-V,4,90000,Dealer,Petrol,Automatic,10.1,2354,152.0,5,Honda CR-V used car good condition high usage automatic transmission petrol engine comfortable car,1490000
Maruti Swift Dzire,Maruti,Swift Dzire,8,70000,Individual,Diesel,Manual,23.4,1248,74.0,5,Maruti Swift Dzire used car experienced vehicle moderate usage manual transmission diesel engine fuel efficient comfortable car,550000
Hyundai Verna,Hyundai,Verna,6,90000,Individual,Diesel,Manual,23.9,1582,126.2,5,Hyundai Verna used car good condition high usage manual transmission diesel engine fuel efficient comfortable car,525000
Hyundai Verna,Hyundai,Verna,9,96000,Individual,Diesel,Manual,22.32,1582,126.32,5,Hyundai Verna used car experienced vehicle high usage manual transmission diesel engine fuel efficient comfortable car,415000
Maruti Alto,Maruti,Alto,6,90000,Individual,Petrol,Manual,22.74,796,47.3,5,Maruti Alto used car good condition high usage manual transmission petrol engine fuel efficient comfortable car,200000
Maruti Ertiga,Maruti,Ertiga,4,41000,Dealer,Petrol,Manual,16.02,1373,93.7,7,Maruti Ertiga used car good condition moderate usage manual transmission petrol engine good mileage spacious family car,695000
Hyundai i10,Hyundai,i10,13,30000,Individual,Petrol,Manual,19.81,1086,68.05,5,Hyundai i10 used car experienced vehicle moderate usage manual transmission petrol engine good mileage comfortable car,160000
Hyundai i10,Hyundai,i10,10,29000,Dealer,Petrol,Manual,20.36,1197,78.9,5,Hyundai i10 used car experienced vehicle low mileage manual transmission petrol engine fuel efficient comfortable car,235000
Maruti Wagon R,Maruti,Wagon R,9,59000,Individual,Petrol,Manual,18.9,998,67.1,5,Maruti Wagon R used car experienced vehicle moderate usage manual transmission petrol engine good mileage comfortable car,300000
Hyundai i20,Hyundai,i20,3,12000,Individual,Petrol,Manual,17.19,1197,81.86,5,Hyundai i20 used car well maintained low age low mileage manual transmission petrol engine good mileage comfortable car,600000
Maruti Wagon R,Maruti,Wagon R,3,45874,Dealer,CNG,Manual,26.6,998,58.16,5,Maruti Wagon R used car well maintained low age moderate usage manual transmission cng engine fuel efficient comfortable car,357000
Honda Amaze,Honda,Amaze,5,100000,Individual,Diesel,Manual,25.8,1498,98.6,5,Honda Amaze used car good condition high usage manual transmission diesel engine fuel efficient comfortable car,320000
Ford Figo,Ford,Figo,10,10000,Individual,Diesel,Manual,20.0,1399,68.0,5,Ford Figo used car experienced vehicle low mileage manual transmission diesel engine fuel efficient comfortable car,250000
Maruti Ciaz,Maruti,Ciaz,4,40000,Dealer,Petrol,Automatic,19.12,1373,91.1,5,Maruti Ciaz used car good condition moderate usage automatic transmission petrol engine good mileage comfortable car,770000
Mahindra XUV300,Mahindra,XUV300,2,25000,Individual,Petrol,Manual,17.0,1197,110.0,5,Mahindra XUV300 used car well maintained low age low mileage manual transmission petrol engine good mileage comfortable car,1140000
Maruti Swift,Maruti,Swift,10,150000,Individual,Diesel,Manual,17.8,1248,75.0,5,Maruti Swift used car experienced vehicle high usage manual transmission diesel engine good mileage comfortable car,200000
Ford Ecosport,Ford,Ecosport,4,40000,Individual,Petrol,Manual,15.85,1499,110.4,5,Ford Ecosport used car good condition moderate usage manual transmission petrol engine good mileage comfortable car,700000
Maruti Swift Dzire,Maruti,Swift Dzire,8,65000,Individual,Diesel,Manual,23.4,1248,74.0,5,Maruti Swift Dzire used car experienced vehicle moderate usage manual transmission diesel engine fuel efficient comfortable car,480000
Hyundai i20,Hyundai,i20,4,45000,Individual,Petrol,Manual,18.6,1197,81.83,5,Hyundai i20 used car good condition moderate usage manual transmission petrol engine good mileage comfortable car,600000
Maruti Swift,Maruti,Swift,7,80000,Dealer,Diesel,Manual,25.2,1248,74.0,5,Maruti Swift used car experienced vehicle high usage manual transmission diesel engine fuel efficient comfortable car,410000
Honda City,Honda,City,5,60000,Individual,Diesel,Manual,26.0,1498,98.6,5,Honda City used car good condition moderate usage manual transmission diesel engine fuel efficient comfortable car,750000
Maruti Baleno,Maruti,Baleno,6,38819,Dealer,Petrol,Manual,21.4,1197,83.1,5,Maruti Baleno used car good condition moderate usage manual transmission petrol engine fuel efficient comfortable car,510000
Honda WR-V,Honda,WR-V,2,5700,Dealer,Petrol,Manual,17.5,1199,88.7,5,Honda WR-V used car well maintained low age low mileage manual transmission petrol engine good mileage comfortable car,875000
Maruti Baleno,Maruti,Baleno,4,24000,Dealer,Petrol,Manual,21.4,1197,83.1,5,Maruti Baleno used car good condition low mileage manual transmission petrol engine fuel efficient comfortable car,565000
Maruti Wagon R,Maruti,Wagon R,7,50000,Individual,Petrol,Manual,20.51,998,67.04,5,Maruti Wagon R used car experienced vehicle moderate usage manual transmission petrol engine fuel efficient comfortable car,295000
Tata Tiago,Tata,Tiago,4,35000,Individual,Petrol,Manual,23.84,1199,84.0,5,Tata Tiago used car good condition moderate usage manual transmission petrol engine fuel efficient comfortable car,380000
Mahindra Scorpio,Mahindra,Scorpio,7,70000,Individual,Diesel,Manual,14.0,2523,75.0,7,Mahindra Scorpio used car experienced vehicle moderate usage manual transmission diesel engine spacious family car,650000
BMW 7,BMW,7,10,78251,Dealer,Diesel,Automatic,14.49,2993,258.0,5,BMW 7 used car experienced vehicle moderate usage automatic transmission diesel engine comfortable car,1600000
Hyundai Verna,Hyundai,Verna,8,59867,Dealer,Diesel,Manual,22.32,1582,126.32,5,Hyundai Verna used car experienced vehicle moderate usage manual transmission diesel engine fuel efficient comfortable car,450000
Maruti S-Presso,Maruti,S-Presso,2,8400,Individual,Petrol,Manual,21.7,998,67.0,5,Maruti S-Presso used car well maintained low age low mileage manual transmission petrol engine fuel efficient comfortable car,420000
Maruti Celerio,Maruti,Celerio,7,9000,Individual,Petrol,Automatic,23.1,998,67.04,5,Maruti Celerio used car experienced vehicle low mileage automatic transmission petrol engine fuel efficient comfortable car,360000
Maruti Celerio,Maruti,Celerio,6,17000,Individual,Petrol,Automatic,23.1,998,67.04,5,Maruti Celerio used car good condition low mileage automatic transmission petrol engine fuel efficient comfortable car,425000
Tata Safari,Tata,Safari,9,94000,Individual,Diesel,Manual,13.93,2179,138.03,7,Tata Safari used car experienced vehicle high usage manual transmission diesel engine spacious family car,250000
Volkswagen Polo,Volkswagen,Polo,9,35000,Individual,Diesel,Manual,22.07,1199,73.9,5,Volkswagen Polo used car experienced vehicle moderate usage manual transmission diesel engine fuel efficient comfortable car,290000
Honda Amaze,Honda,Amaze,2,25000,Dealer,Petrol,Manual,18.6,1199,88.76,5,Honda Amaze used car well maintained low age low mileage manual transmission petrol engine good mileage comfortable car,640000
Maruti Wagon R,Maruti,Wagon R,16,90000,Individual,Petrol,Manual,14.0,1061,64.0,5,Maruti Wagon R used car experienced vehicle high usage manual transmission petrol engine comfortable car,80000
Mahindra XUV500,Mahindra,XUV500,8,90000,Individual,Diesel,Manual,15.1,2179,140.0,7,Mahindra XUV500 used car experienced vehicle high usage manual transmission diesel engine good mileage spacious family car,700000
Maruti Swift Dzire,Maruti,Swift Dzire,5,40000,Individual,Diesel,Manual,26.59,1248,74.0,5,Maruti Swift Dzire used car good condition moderate usage manual transmission diesel engine fuel efficient comfortable car,550000
Maruti Swift Dzire,Maruti,Swift Dzire,7,78916,Individual,Diesel,Manual,23.4,1248,74.0,5,Maruti Swift Dzire used car experienced vehicle moderate usage manual transmission diesel engine fuel efficient comfortable car,300000
Hyundai Verna,Hyundai,Verna,4,19000,Individual,Petrol,Manual,17.0,1591,121.3,5,Hyundai Verna used car good condition low mileage manual transmission petrol engine good mileage comfortable car,900000
Maruti Swift,Maruti,Swift,13,75900,Individual,Petrol,Manual,16.1,1298,88.2,5,Maruti Swift used car experienced vehicle moderate usage manual transmission petrol engine good mileage comfortable car,240000
Hyundai i20,Hyundai,i20,4,33230,Dealer,Petrol,Manual,18.6,1197,81.83,5,Hyundai i20 used car good condition moderate usage manual transmission petrol engine good mileage comfortable car,655000
Ford Figo,Ford,Figo,6,58000,Individual,Petrol,Manual,18.16,1196,86.8,5,Ford Figo used car good condition moderate usage manual transmission petrol engine good mileage comfortable car,290000
Maruti Alto,Maruti,Alto,18,90000,Individual,Petrol,Manual,19.7,796,46.3,5,Maruti Alto used car experienced vehicle high usage manual transmission petrol engine good mileage comfortable car,80000
Hyundai Grand,Hyundai,Grand,4,17000,Individual,Petrol,Manual,18.9,1197,82.0,5,Hyundai Grand used car good condition low mileage manual transmission petrol engine good mileage comfortable car,425000
Maruti Swift Dzire,Maruti,Swift Dzire,7,114605,Dealer,Petrol,Manual,19.1,1197,85.8,5,Maruti Swift Dzire used car experienced vehicle high usage manual transmission petrol engine good mileage comfortable car,380000
Kia Seltos,Kia,Seltos,2,19000,Individual,Diesel,Manual,20.8,1493,113.4,5,Kia Seltos used car well maintained low age low mileage manual transmission diesel engine fuel efficient comfortable car,1250000
Maruti Vitara,Maruti,Vitara,4,35000,Individual,Diesel,Manual,24.3,1248,88.5,5,Maruti Vitara used car good condition moderate usage manual transmission diesel engine fuel efficient comfortable car,884000
Mahindra Bolero,Mahindra,Bolero,3,50000,Individual,Diesel,Manual,16.5,1493,70.0,7,Mahindra Bolero used car well maintained low age moderate usage manual transmission diesel engine good mileage spacious family car,800000
Honda City,Honda,City,8,74000,Dealer,Petrol,Manual,16.9,1497,100.0,5,Honda City used car experienced vehicle moderate usage manual transmission petrol engine good mileage comfortable car,580000
Maruti Wagon R,Maruti,Wagon R,2,6000,Dealer,Petrol,Manual,20.52,1197,81.8,5,Maruti Wagon R used car well maintained low age low mileage manual transmission petrol engine fuel efficient comfortable car,500000
BMW 5,BMW,5,3,7000,Dealer,Diesel,Automatic,22.48,1995,187.74,5,BMW 5 used car well maintained low age low mileage automatic transmission diesel engine fuel efficient comfortable car,4750000
Hyundai Grand,Hyundai,Grand,7,40000,Individual,Petrol,Manual,18.9,1197,82.0,5,Hyundai Grand used car experienced vehicle moderate usage manual transmission petrol engine good mileage comfortable car,540000
Datsun GO,Datsun,GO,6,70000,Individual,Petrol,Manual,20.62,1198,67.0,7,Datsun GO used car good condition moderate usage manual transmission petrol engine fuel efficient spacious family car,300000
Maruti Swift Dzire,Maruti,Swift Dzire,2,10000,Individual,Petrol,Manual,21.21,1197,81.8,5,Maruti Swift Dzire used car well maintained low age low mileage manual transmission petrol engine fuel efficient comfortable car,640000
Maruti Vitara,Maruti,Vitara,3,34000,Dealer,Diesel,Automatic,24.3,1248,88.5,5,Maruti Vitara used car well maintained low age moderate usage automatic transmission diesel engine fuel efficient comfortable car,875000
Maruti Vitara,Maruti,Vitara,4,39000,Individual,Diesel,Manual,24.3,1248,88.5,5,Maruti Vitara used car good condition moderate usage manual transmission diesel engine fuel efficient comfortable car,750000
Tata Tiago,Tata,Tiago,1,10000,Individual,Petrol,Manual,23.84,1199,83.83,5,Tata Tiago used car well maintained low age low mileage manual transmission petrol engine fuel efficient comfortable car,535000
Honda City,Honda,City,12,66000,Dealer,Petrol,Manual,17.0,1497,118.0,5,Honda City used car experienced vehicle moderate usage manual transmission petrol engine good mileage comfortable car,262000
Maruti Ciaz,Maruti,Ciaz,5,38000,Dealer,Diesel,Manual,28.09,1248,88.5,5,Maruti Ciaz used car good condition moderate usage manual transmission diesel engine fuel efficient comfortable car,591000
Hyundai i20,Hyundai,i20,8,110000,Individual,Diesel,Manual,21.9,1396,88.76,5,Hyundai i20 used car experienced vehicle high usage manual transmission diesel engine fuel efficient comfortable car,350000
Maruti Ertiga,Maruti,Ertiga,3,25000,Individual,Petrol,Manual,17.5,1373,91.1,7,Maruti Ertiga used car well maintained low age low mileage manual transmission petrol engine good mileage spacious family car,720000
Hyundai Creta,Hyundai,Creta,3,40000,Individual,Diesel,Manual,22.1,1396,88.7,5,Hyundai Creta used car well maintained low age moderate usage manual transmission diesel engine fuel efficient comfortable car,1050000
Audi A4,Audi,A4,10,61000,Individual,Diesel,Automatic,15.2,1968,140.8,5,Audi A4 used car experienced vehicle moderate usage automatic transmission diesel engine good mileage comfortable car,1000000
Tata Tiago,Tata,Tiago,3,63000,Individual,Diesel,Manual,27.28,1047,69.0,5,Tata Tiago used car well maintained low age moderate usage manual transmission diesel engine fuel efficient comfortable car,380000
Maruti Vitara,Maruti,Vitara,2,7980,Dealer,Diesel,Manual,24.3,1248,88.5,5,Maruti Vitara used car well maintained low age low mileage manual transmission diesel engine fuel efficient comfortable car,850000
Maruti Alto,Maruti,Alto,5,30000,Individual,Petrol,Manual,22.74,796,47.3,5,Maruti Alto used car good condition moderate usage manual transmission petrol engine fuel efficient comfortable car,225000
Mercedes-Benz E-Class,Mercedes-Benz,E-Class,10,60000,Dealer,Petrol,Manual,12.3,1796,185.0,5,Mercedes-Benz E-Class used car experienced vehicle moderate usage manual transmission petrol engine comfortable car,890000
Maruti Swift,Maruti,Swift,4,45000,Dealer,Diesel,Manual,28.4,1248,74.0,5,Maruti Swift used car good condition moderate usage manual transmission diesel engine fuel efficient comfortable car,560000
Maruti Baleno,Maruti,Baleno,15,43000,Individual,Petrol,Manual,15.4,1590,94.0,5,Maruti Baleno used car experienced vehicle moderate usage manual transmission petrol engine good mileage comfortable car,120000
Ford Endeavour,Ford,Endeavour,10,62000,Dealer,Diesel,Automatic,11.4,2953,153.86,7,Ford Endeavour used car experienced vehicle moderate usage automatic transmission diesel engine spacious family car,425000
Tata Nexon,Tata,Nexon,2,6507,Dealer,Petrol,Automatic,17.0,1198,108.5,5,Tata Nexon used car well maintained low age low mileage automatic transmission petrol engine good mileage comfortable car,875000
Ford Aspire,Ford,Aspire,3,8000,Individual,Petrol,Manual,18.16,1196,86.8,5,Ford Aspire used car well maintained low age low mileage manual transmission petrol engine good mileage comfortable car,590000
Honda City,Honda,City,9,51000,Dealer,Petrol,Manual,16.8,1497,116.3,5,Honda City used car experienced vehicle moderate usage manual transmission petrol engine good mileage comfortable car,440000
Maruti Wagon R,Maruti,Wagon R,12,120000,Individual,LPG,Manual,17.3,1061,57.5,5,Maruti Wagon R used car experienced vehicle high usage manual transmission lpg engine good mileage comfortable car,110000
Maruti Wagon R,Maruti,Wagon R,6,114183,Individual,Petrol,Manual,21.79,998,67.05,5,Maruti Wagon R used car good condition high usage manual transmission petrol engine fuel efficient comfortable car,350000
Hyundai Grand,Hyundai,Grand,1,15000,Individual,Petrol,Automatic,20.7,1197,81.86,5,Hyundai Grand used car well maintained low age low mileage automatic transmission petrol engine fuel efficient comfortable car,650000
Mercedes-Benz E-Class,Mercedes-Benz,E-Class,4,49000,Dealer,Diesel,Automatic,10.0,2148,170.0,5,Mercedes-Benz E-Class used car good condition moderate usage automatic transmission diesel engine comfortable car,3975000
Honda City,Honda,City,12,75000,Dealer,Petrol,Manual,17.0,1497,118.0,5,Honda City used car experienced vehicle moderate usage manual transmission petrol engine good mileage comfortable car,260000
Hyundai Grand,Hyundai,Grand,6,50000,Individual,Petrol,Manual,18.9,1197,82.0,5,Hyundai Grand used car good condition moderate usage manual transmission petrol engine good mileage comfortable car,405000
Toyota Innova,Toyota,Innova,2,29250,Dealer,Diesel,Manual,13.68,2393,147.8,8,Toyota Innova used car well maintained low age low mileage manual transmission diesel engine spacious family car,1950000
Mahindra XUV500,Mahindra,XUV500,5,100000,Individual,Diesel,Automatic,16.0,1997,140.0,7,Mahindra XUV500 used car good condition high usage automatic transmission diesel engine good mileage spacious family car,1180000
Mahindra Scorpio,Mahindra,Scorpio,4,50000,Individual,Diesel,Manual,15.4,2179,120.0,7,Mahindra Scorpio used car good condition moderate usage manual transmission diesel engine good mileage spacious family car,970000
Maruti Swift Dzire,Maruti,Swift Dzire,13,120000,Individual,Diesel,Manual,19.3,1248,73.9,5,Maruti Swift Dzire used car experienced vehicle high usage manual transmission diesel engine good mileage comfortable car,165000
Honda City,Honda,City,5,55000,Dealer,Petrol,Manual,17.8,1497,117.3,5,Honda City used car good condition moderate usage manual transmission petrol engine good mileage comfortable car,650000
Hyundai Elantra,Hyundai,Elantra,4,43500,Dealer,Petrol,Automatic,14.62,1999,149.92,5,Hyundai Elantra used car good condition moderate usage automatic transmission petrol engine comfortable car,1245000
Maruti Vitara,Maruti,Vitara,5,70000,Dealer,Diesel,Manual,24.3,1248,88.5,5,Maruti Vitara used car good condition moderate usage manual transmission diesel engine fuel efficient comfortable car,680000
Maruti Swift,Maruti,Swift,9,120000,Individual,Diesel,Manual,22.9,1248,74.0,5,Maruti Swift used car experienced vehicle high usage manual transmission diesel engine fuel efficient comfortable car,500000
Hyundai i10,Hyundai,i10,9,70000,Individual,Petrol,Manual,20.36,1197,78.9,5,Hyundai i10 used car experienced vehicle moderate usage manual transmission petrol engine fuel efficient comfortable car,200000
Maruti Wagon R,Maruti,Wagon R,10,53000,Dealer,Petrol,Manual,20.51,998,67.04,5,Maruti Wagon R used car experienced vehicle moderate usage manual transmission petrol engine fuel efficient comfortable car,275000
Hyundai Venue,Hyundai,Venue,1,5000,Dealer,Diesel,Manual,23.7,1493,98.6,5,Hyundai Venue used car well maintained low age low mileage manual transmission diesel engine fuel efficient comfortable car,890000
Hyundai Verna,Hyundai,Verna,8,58000,Dealer,Diesel,Manual,22.32,1582,126.3,5,Hyundai Verna used car experienced vehicle moderate usage manual transmission diesel engine fuel efficient comfortable car,360000
Hyundai i20,Hyundai,i20,2,15000,Dealer,Petrol,Manual,18.6,1197,81.86,5,Hyundai i20 used car well maintained low age low mileage manual transmission petrol engine good mileage comfortable car,620000
Hyundai Grand,Hyundai,Grand,6,55000,Dealer,Petrol,Manual,18.9,1197,82.0,5,Hyundai Grand used car good condition moderate usage manual transmission petrol engine good mileage comfortable car,360000
Datsun RediGO,Datsun,RediGO,2,10000,Individual,Petrol,Manual,22.7,799,53.64,5,Datsun RediGO used car well maintained low age low mileage manual transmission petrol engine fuel efficient comfortable car,260000
Maruti Swift Dzire,Maruti,Swift Dzire,4,46122,Dealer,Petrol,Automatic,22.0,1197,81.8,5,Maruti Swift Dzire used car good condition moderate usage automatic transmission petrol engine fuel efficient comfortable car,650000
Maruti Vitara,Maruti,Vitara,5,74962,Dealer,Diesel,Manual,24.3,1248,88.5,5,Maruti Vitara used car good condition moderate usage manual transmission diesel engine fuel efficient comfortable car,681000
Maruti Eeco,Maruti,Eeco,6,40000,Individual,Petrol,Manual,15.37,1196,73.0,7,Maruti Eeco used car good condition moderate usage manual transmission petrol engine good mileage spacious family car,215000
Toyota Fortuner,Toyota,Fortuner,3,39000,Dealer,Diesel,Automatic,12.9,2755,174.5,7,Toyota Fortuner used car well maintained low age moderate usage automatic transmission diesel engine spacious family car,3050000
Hyundai Santro,Hyundai,Santro,11,70000,Individual,Petrol,Manual,17.92,1086,62.1,5,Hyundai Santro used car experienced vehicle moderate usage manual transmission petrol engine good mileage comfortable car,225000
Maruti Ertiga,Maruti,Ertiga,8,60000,Dealer,Diesel,Manual,20.77,1248,88.8,7,Maruti Ertiga used car experienced vehicle moderate usage manual transmission diesel engine fuel efficient spacious family car,400000
Ford Ecosport,Ford,Ecosport,5,23256,Trustmark Dealer,Petrol,Manual,17.0,1497,121.36,5,Ford Ecosport used car good condition low mileage manual transmission petrol engine good mileage comfortable car,585000
Maruti Vitara,Maruti,Vitara,5,84000,Individual,Diesel,Manual,24.3,1248,88.5,5,Maruti Vitara used car good condition high usage manual transmission diesel engine fuel efficient comfortable car,525000
Renault Duster,Renault,Duster,6,56308,Dealer,Diesel,Manual,20.45,1461,83.8,5,Renault Duster used car good condition moderate usage manual transmission diesel engine fuel efficient comfortable car,440000
Honda City,Honda,City,7,46000,Individual,Diesel,Manual,26.0,1498,98.6,5,Honda City used car experienced vehicle moderate usage manual transmission diesel engine fuel efficient comfortable car,501000
Maruti Wagon R,Maruti,Wagon R,14,80000,Dealer,Petrol,Manual,21.79,998,67.05,5,Maruti Wagon R used car experienced vehicle high usage manual transmission petrol engine fuel efficient comfortable car,85000
Mahindra Scorpio,Mahindra,Scorpio,5,90000,Individual,Diesel,Manual,15.4,2179,120.0,7,Mahindra Scorpio used car good condition high usage manual transmission diesel engine good mileage spacious family car,900000
Maruti Swift Dzire,Maruti,Swift Dzire,4,120000,Individual,Petrol,Manual,19.0,1197,85.8,5,Maruti Swift Dzire used car good condition high usage manual transmission petrol engine good mileage comfortable car,325000
Maruti Alto,Maruti,Alto,16,120000,Individual,Petrol,Manual,19.7,796,46.3,5,Maruti Alto used car experienced vehicle high usage manual transmission petrol engine good mileage comfortable car,90000
Hyundai Grand,Hyundai,Grand,3,15000,Individual,Petrol,Manual,18.9,1197,81.86,5,Hyundai Grand used car well maintained low age low mileage manual transmission petrol engine good mileage comfortable car,525000
Tata Tiago,Tata,Tiago,2,15000,Individual,Petrol,Manual,23.84,1199,84.0,5,Tata Tiago used car well maintained low age low mileage manual transmission petrol engine fuel efficient comfortable car,600000
Skoda Rapid,Skoda,Rapid,8,52000,Dealer,Petrol,Manual,15.0,1598,103.5,5,Skoda Rapid used car experienced vehicle moderate usage manual transmission petrol engine good mileage comfortable car,425000
Hyundai i20,Hyundai,i20,6,39000,Dealer,Petrol,Manual,18.6,1197,81.83,5,Hyundai i20 used car good condition moderate usage manual transmission petrol engine good mileage comfortable car,526000
Honda Amaze,Honda,Amaze,8,73100,Dealer,Diesel,Manual,25.8,1498,98.6,5,Honda Amaze used car experienced vehicle moderate usage manual transmission diesel engine fuel efficient comfortable car,324000
Toyota Fortuner,Toyota,Fortuner,3,39000,Dealer,Diesel,Automatic,12.9,2755,174.5,7,Toyota Fortuner used car well maintained low age moderate usage automatic transmission diesel engine spacious family car,3040000
Maruti Ciaz,Maruti,Ciaz,6,49000,Dealer,Diesel,Manual,28.09,1248,88.5,5,Maruti Ciaz used car good condition moderate usage manual transmission diesel engine fuel efficient comfortable car,565000
Hyundai Verna,Hyundai,Verna,8,100000,Individual,Diesel,Manual,22.32,1582,126.3,5,Hyundai Verna used car experienced vehicle high usage manual transmission diesel engine fuel efficient comfortable car,500000
Maruti Dzire LXI,Maruti,Dzire LXI,6,50000,Dealer,Petrol,Manual,23.26,1197,88.5,5,Maruti Dzire LXI used car good condition moderate usage manual transmission petrol engine fuel efficient comfortable car,385000
Volkswagen Polo,Volkswagen,Polo,4,66900,Individual,Diesel,Manual,20.14,1498,88.0,5,Volkswagen Polo used car good condition moderate usage manual transmission diesel engine fuel efficient comfortable car,700000
Hyundai Creta,Hyundai,Creta,4,46000,Dealer,Petrol,Automatic,13.0,1591,121.3,5,Hyundai Creta used car good condition moderate usage automatic transmission petrol engine comfortable car,1095000
Maruti Swift,Maruti,Swift,3,40000,Individual,Petrol,Manual,22.0,1197,81.8,5,Maruti Swift used car well maintained low age moderate usage manual transmission petrol engine fuel efficient comfortable car,550000
Hyundai i10,Hyundai,i10,11,28400,Individual,Petrol,Manual,20.36,1197,78.9,5,Hyundai i10 used car experienced vehicle low mileage manual transmission petrol engine fuel efficient comfortable car,300000
MG Hector,MG,Hector,1,4800,Dealer,Petrol,Manual,15.81,1451,141.0,5,MG Hector used car well maintained low age low mileage manual transmission petrol engine good mileage comfortable car,1800000
Volkswagen Polo,Volkswagen,Polo,9,62000,Dealer,Petrol,Manual,16.47,1198,73.9,5,Volkswagen Polo used car experienced vehicle moderate usage manual transmission petrol engine good mileage comfortable car,310000
Hyundai Verna,Hyundai,Verna,5,25000,Individual,Petrol,Manual,17.01,1591,121.3,5,Hyundai Verna used car good condition low mileage manual transmission petrol engine good mileage comfortable car,780000
Maruti Swift,Maruti,Swift,6,45864,Dealer,Petrol,Manual,20.4,1197,83.11,5,Maruti Swift used car good condition moderate usage manual transmission petrol engine fuel efficient comfortable car,450000
Renault Duster,Renault,Duster,7,185000,Individual,Diesel,Manual,20.45,1461,83.8,5,Renault Duster used car experienced vehicle high usage manual transmission diesel engine fuel efficient comfortable car,310000
Mahindra Scorpio,Mahindra,Scorpio,10,60000,Individual,Diesel,Manual,12.05,2179,120.0,8,Mahindra Scorpio used car experienced vehicle moderate usage manual transmission diesel engine spacious family car,556000
Mahindra XUV500,Mahindra,XUV500,7,170000,Individual,Diesel,Manual,15.1,2179,140.0,7,Mahindra XUV500 used car experienced vehicle high usage manual transmission diesel engine good mileage spacious family car,825000
Land Rover Rover,Land Rover,Rover,7,82000,Dealer,Diesel,Automatic,12.7,2179,187.7,5,Land Rover Rover used car experienced vehicle high usage automatic transmission diesel engine comfortable car,2590000
Mahindra Scorpio,Mahindra,Scorpio,10,60000,Individual,Diesel,Manual,12.05,2179,120.0,8,Mahindra Scorpio used car experienced vehicle moderate usage manual transmission diesel engine spacious family car,465000
Honda Amaze,Honda,Amaze,5,13433,Dealer,Petrol,Manual,17.8,1198,86.7,5,Honda Amaze used car good condition low mileage manual transmission petrol engine good mileage comfortable car,551000
Hyundai i20,Hyundai,i20,6,35000,Individual,Diesel,Manual,22.54,1396,88.73,5,Hyundai i20 used car good condition moderate usage manual transmission diesel engine fuel efficient comfortable car,600000
Hyundai Santro,Hyundai,Santro,2,5000,Individual,Petrol,Manual,20.3,1086,68.0,5,Hyundai Santro used car well maintained low age low mileage manual transmission petrol engine fuel efficient comfortable car,410000
